
INSERT INTO category (`name`) VALUES
                                       ('비문학'),
                                       ('정치'),
                                       ('경제'),
                                       ('사회'),
                                       ('생활/문화'),
                                       ('IT/과학'),
                                       ('세계'),
                                       ('오피니언');

INSERT INTO article (`id`, `category_id`, `type`, `content`, `title`, `reporter`, `source_url`, `has_word`, `words`, `hit`, `created_at`, `modified_at`, `deleted_at`, `is_deleted`) VALUES (5,1,'EPIGRAPHY','안녕하세요. 여러분의 필통에는 어떤 필기구가 가장 많은가요? (청중의 답을 듣고) 네, 제 생각대로 볼펜이 많군요. 그럼 사람 들은 왜 볼펜을 애용할까요? 값이 싸고 휴대하기 편해서이기도 하지만 또 다른 장점이 있습니다. 그래서 오늘은 볼펜이 사람들 에게 널리 사용되는 이유를 말씀드리겠습니다. \n 먼저 볼펜은 글씨를 쓸 때 종이가 찢어지거나 볼펜 끝 부분이 망가지는 일이 적습니다. 이게 왜 장점일까요? (자료 1을 가리 키며) 보시는 것처럼 볼펜이 사용되기 이전부터 쓰이던 만년필은 모세관 현상에 의해 힘들이지 않고 글씨를 쓸 수 있습니다. 하지만 펜촉이 날카로워 종이가 찢어지기도 하고, 거친 표면에 글씨를 쓰면 펜촉이 망가지기도 쉽습니다. \n 아, 질문이 있으시네요. (㉠ 청중의 질문을 듣고) 겉으로는 잘 보이지 않지만 종이의 섬유소가 가는 대롱의 역할을 하기 때문에 펜촉에 있던 잉크가 모세관 현상에 의해 종이로 흘러가서 쉽게 필기할 수 있는 겁니다. 이해되셨나요? (청중이 고개를 끄덕이는 것을 보고) 네, 그럼 발표를 이어 가겠습니다. \n (자료 2를 가리키며) 보시는 것처럼 볼펜은 글씨를 쓸 때 볼과 종이의 마찰에 의해 볼이 구르지요. 이 과정에서 볼의 잉크가 종이에 묻으며 글씨가 써집니다. 그런데 볼펜의 볼이 빠진 경험이 한 번쯤 있으시죠? (자료 3을 가리키며) 보시는 것처럼 볼펜은 잉크가 들어갈 대롱의 끝에 볼을 넣은 후 밑 부분을 오므려 볼이 빠지지 않도록 하는데요, 볼이 빠지는 문제를 정밀한 기술로 보완하고 있습니다. \n 또한 볼펜은 종류가 다양하여 사람들이 필요에 따라 고를 수 있어서 좋습니다. 글자가 물에 잘 번지지 않는 유성 볼펜, 필기감이 부드러운 수성 볼펜, 여러 색을 하나에 담은 다색 볼펜, 글씨를 쓰고 지울 수 있는 볼펜, 우주에서 사용할 수 있는 가압 볼펜 등 선택의 폭이 넓습니다. \n 볼펜은 신문 기자였던 라즐로 비로가 특허를 낸 이후 상용화 되면서 기존 필기구의 단점을 보완하고 사람들의 다양한 요구를 반영하여 꾸준히 사용되고 있습니다. 지금까지, 볼펜이 사람들에게 널리 사용되는 이유를 말씀드렸습니다. 감사합니다.','볼펜이 사람들에게 널리 사용되는 이유',NULL,NULL,0,NULL,0,'2024-04-24 11:16:21',NULL,NULL,0),(6,1,'EPIGRAPHY','사회자 : 이번 시간에는 ‘인공 지능을 면접에 활용하는 것이 바람직 하다.’라는 논제로 토론을 진행하겠습니다. 찬성 측이 먼저 입론해 주신 후 반대 측에서 반대 신문해 주십시오. \n 찬성 1 : 저희는 인공 지능을 면접에 활용하는 것이 바람직하다고 생각합니다. 인공 지능을 활용한 면접은 인터넷에 접속하여 인공 지능과 문답하는 방식 으로 진행됩니다. 지원자는 시 간과 공간에 구애받지 않고 면접에 참여할 수 있는 편리성이 있어 면접 기회가 확대됩니다. 또한 회사는 면접에 소요 되는 인력을 줄여, 비용 절감 측면에서 경제성이 큽니다. 실제로 인공 지능을 면접에 활용한 ○○회사는 전년 대비 2억 원 정도의 비용을 절감했습니다. 그리고 기존 방식의 면접에서는 면접관의 주관이 개입될 가능성이 큰 데 반해, 인공 지능을 활용한 면접에서는 빅데이터를 바탕으로 한 일관된 평가 기준을 적용할 수 있습니다. 이러한 평가의 객관성 때문에 많은 회사들이 인공 지능 면접을 도입하는 추세입니다. \n [A][반대 2 : 기존 면접에서는 면접관의 주관이 개입될 여지가 있다고 하셨는데요, 회사의 특수성을 고려해 적합한 인 재를 선발하려면 오히려 해당 분야의 경험이 축적된 면접관의 생각이나 견해 가 면접 상황에서 중요한 판단 기준이 돼야 하지 않을까요? \n 찬성1: 면접관의 생각이나 견해로는 지원자의 잠재력 을 판단 하기 어렵습니다. 오히려 오랜 기간 회사의 인사 정보가 축적된 데이터가 잠재력을 판단하는 데 적합하기 때문에 인공 지능 면접이 신뢰성도 높습니다. 회사 관리자들을 대상으로 한 설문 조사에서도 잠재력 파악에 인공 지능을 활용한 면접을 신뢰한다는 비율이 높게 나왔습니다. \n 사회자 : 이번에는 반대 측에서 입론해 주신 후 찬성 측에서 반대 신문해 주십시오. \n 반대 1 : 저희는 인공 지능을 면접에 활용하는 것이 바람직하다고 보지 않습니다. 먼저 인공 지능을 활용한 면접은 기술적 결함 이 발생할 수 있습니다. 이로 인해 면접이 원활하지 않거나 중단되어 지원자들에게 불편을 줄 수 있고, 지원자들의 면접 기회가 상실될 수 있습니다. 또한 인공 지능을 활용한 면접은 당장의 비용 절감 효과에 주목해서는 안 되고 장기적인 관점 에서 보아야 합니다. 현재의 경제성만 고려하면 미래에 더 큰 경제적 가치를 창출할 인재를 놓치게 돼 결국 경제적이지 않습 니다. 마지막으로 인공 지능의 빅데이터는 왜곡될 가능성이 있습니다. 빅데이터는 사회에서 형성된 정보가 축적된 결과물 로서 특정 대상과 사안에 치우친 것일 수 있습니다. 이러한 이유로 △△회사는 인공 지능을 활용한 면접을 폐지했습니다. \n [B][찬성 1 : △△회사는 인공 지능을 활용한 면접을 폐지했지만, 통계 자료에서 보다시피 인공 지능을 면접에 활용하는 것은 확대되고 있는 추세이지 않습니까? \n 반대 1 : 경제적인 이유로 인공 지능 면접이 활용되고 있지만, 인공 지능을 활용한 면접의 한계가 드러난다면 이를 폐지하는 기업들이 늘어나게 될 것입니다.] \n [토론 후 과제 : 논제에 대한 자신의 입장을 밝히고, 이를 확장 하여 ‘인간과 인공 지능의 관계’에 대해 주장하는 글 쓰기] \n (나) 학생의 초고 인공 지능을 면접에 활용하는 것은 바람직하지 않다. 인공 지능 앞에서 면접을 보느라 진땀을 흘리는 인간의 모습을 생각 하면 너무 안타깝다. 미래에 인공 지능이 인간의 고유한 영역 까지 대신할 것이라고 사람들은 말하는데, 인공 지능이 인간을 대신할 수 있을까? 인간과 인공 지능의 관계는 어떠해야 할까? 인공 지능은 인간의 삶을 편리하게 돕는 도구일 뿐이다. 인간이 만든 도구인 인공 지능이 인간을 평가할 수 있는지에 대해 생각해 볼 필요가 있다. 도구일 뿐인 기계가 인간을 평가하는 것은 정당 하지 않다. 인간이 개발한 인공 지능이 인간을 판단한다면 주체와 객체가 뒤바뀌는 상황이 발생할 것이다. 인공 지능이 발전하더라도 인간과 같은 사고는 불가능하다. 인공 지능은 겉으로 드러난 인간의 말과 행동을 분석하지만 인간은 말과 행동 이면의 의미까지 고려하여 사고한다. 인공 지능은 빅데이터를 바탕으로 결과를 도출해 내는 기계에 불과하므로, 통계적 분석을 할 뿐 타당한 판단을 할 수 없다. 기계가 타당한 판단을 할 것이라는 막연한 기대를 한다면 머지않아 인간이 기계에 예속되는 상황이 벌어질지도 모른다. 인공 지능은 사회적 관계를 맺을 수 없다. 반면 인간은 사회 에서 의사소통을 통해 관계를 형성한다. 이 과정에서 축적된 인간의 경험이 바탕이 되어야 타인의 잠재력을 발견할 수 있다.','인공지능의 면접에 대한 활용',NULL,NULL,0,NULL,0,'2024-04-24 11:16:59',NULL,NULL,0),(7,1,'EPIGRAPHY','\n㉠ 많은 전통적 인식론자는 임의의 명제에 대해 우리가 세 가지 믿음의 태도 중 하나만을 ⓐ 가질 수 있다고 본다. 가령 ‘내일 눈이 온다.’는 명제를 참이라고 믿거나, 거짓이라고 믿거 나, 참이라 믿지도 않고 거짓이라 믿지도 않을 수 있다. 반면 ㉡ 베이즈주의자는 믿음은 정도의 문제라고 본다. 가령 각 인식 주체는 ‘내일 눈이 온다.’가 참이라는 것에 대하여 가장 강한 믿음의 정도에서 가장 약한 믿음의 정도까지 가질 수 있다. 이처럼 베이즈주의자는 믿음의 정도를 믿음의 태도에 포함함으로써 많은 전통적 인식론자들과 달리 믿음의 태도를 풍부하게 표현한다. \n 우리는 종종 임의의 명제가 참인지 거짓인지 새롭게 알게 된다. 이것을 베이즈주의자의 표현으로 바꾸면 그 명제가 참인지 거짓 인지에 대해 가장 강한 믿음의 정도를 새롭게 갖는다는 것이다. 베이즈주의는 이런 경우에 믿음의 정도가 어떤 방식으로 변해야 하는지에 대해 정교한 설명을 제공한다. 이에 따르면, 인식 주체가 특정 시점에 임의의 명제 A가 참이라는 것만을 또는 거짓이라는 것만을 새롭게 알게 됐을 때, 다른 임의의 명제 B에 대한 인식 주체의 기존 믿음의 정도의 변화는 조건화 원리 의 적용을 받는다. 이는 믿음의 정도의 변화에 관한 원리로서, 만약 인식 주체가 A가 참이라는 것만을 새롭게 알게 된다면, B가 참이라는 것에 대한 그 인식 주체의 믿음의 정도는 애초의 믿음의 정도에서 A가 참이라는 조건하에 B가 참이라는 것에 대한 믿음의 정도로 되어야 함을 의미한다. 예를 들어 갑이 ‘내일 비가 온다.’가 참 이라는 것을 약하게 믿고 있고, ‘오늘 비가 온다.’가 참이라는 조건하에서는 ‘내일 비가 온다.’가 참이라는 것을 강하게 믿는다고 해 보자. 조건화 원리에 따르면, 갑이 실제로 ‘오늘 비가 온다.’가 참이라는 것만을 새롭게 알게 될 때, ‘내일 비가 온다.’가 참이 라는 것을 그 이전보다 더 강하게 믿는 것이 합리적이다. 조건화 원리는 새롭게 알게 된 명제가 동시에 둘 이상인 경우에도 마찬 가지로 적용된다. 다만 이 원리는 믿음의 정도에 관한 것이지 행위에 관한 것은 아니다. \n 명제들 중에는 위의 예에서처럼 참인지 거짓인지 새롭게 알게 된 명제와 관련된 것도 있지만 그렇지 않은 것도 있다. 조건화 원리에 ⓑ따르면, 어떤 명제가 참인지 거짓인지 새롭게 알게 되더 라도 그 명제와 관련 없는 명제에 대한 믿음의 정도는 변하지 않아야 한다. 예를 들어 위에서처럼 갑이 ‘오늘 비가 온다.’가 참이라는 것만을 새롭게 알게 되더라도 그것과 관련 없는 명제 ‘다른 은하에는 외계인이 존재한다.’에 대한 그의 믿음의 정도는 변하지 않아야 한다. 이처럼 베이즈주의자는 특별한 이유가 없는 한 우리의 믿음의 정도는 유지되어야 한다고 ⓒ 본다. \n 베이즈주의자는 이렇게 상식적으로 당연하게 여겨지는 생각을 정당화하기 위해 기존의 믿음의 정도를 유지함으로써 ⓓ얻을 수 있는 실용적 효율성에 호소할 수 있다. 특별한 이유 없이 학교를 옮기는 행위는 어떠한 방식으로든 우리의 에너지를 불필요하게 소모한다. 베이즈주의자는 특별한 이유 없이 기존의 믿음의 정도를 ⓔ바꾸는 것도 이와 유사하게 에너지를 불필요하게 소모한다고 볼 수 있다. 이 관점에서는 실용적 효율성을 추구한다면, 특별한 이유가 없는 한 기존의 믿음의 정도를 유지하는 것이 합리적이다.','전통적 인식론과 베이즈주의의 관점에서 믿음의 태도와 변화',NULL,NULL,0,NULL,0,'2024-04-24 11:17:36',NULL,NULL,0),(8,1,'EPIGRAPHY','\n저는 요즘 휴대폰 사용 시간이 늘어나면서 사물이 또렷이 보이지 않고 눈에 피로를 느끼는 일이 잦아졌는데요, 여러분들도 저와 같은 증상을 경험하고 있지 않으신가요? (청중의 반응을 확인하고) 역시 그러시네요. 실제 휴대폰 사용으로 인해 안구 질환 환자가 급증했다고 합니다. 그래서 오늘은 제가 여러분들께 도움을 드리고자 휴대폰 사용과 눈 건강에 대해 발표하고자 합니다. \n 본래 우리 눈은 자동 초점 기능이 있어서 보고자 하는 대상과의 거리가 바뀔 때 초점을 순식간에 맞출 수 있습니다. 그런데 휴대폰을 오랜 시간 동안 보는 습관을 갖게 되면 조절 긴장증이 생겨 눈의 자동 초점 기능이 저하됩니다. 왜 그런 현상이 생기는 것일까요? 지난 시간에 선생님께서 수정체에 대해 설명해 주셨죠? (㉠ 자료 제시) 여기 수정체를 둘러싸고 있는 이 근육의 이름도 기억하시나요? (대답을 듣고) 네, 맞습니다. 바로 섬모체근입니다. 그리고 수정체와 섬모체근을 잇는 이것은 걸이 인대라고 합니다. 다음 화면을 함께 보시죠. (㉡ 자료 제시) 보시는 것처럼 먼 곳을 볼 때에는 섬모체근이 늘어나 걸이 인대가 팽팽한 상태가 됩니다. 그러면 걸이 인대가 잡아당기고 있는 수정체가 납작해져 초점을 맞출 수 있게 되는 것입니다. 가까운 곳을 볼 때에는 그 반대가 되고요. 휴대폰을 오래 보게되면 걸이 인대가 이완된 상태가 지속되어 나중에는 자동 초점 기능이 저하되는 것입니다. \n 그렇다면 눈 건강을 유지하기 위해 어떻게 해야 하는 것일까요? 휴대폰을 오랫동안 보게 되는 경우에는 중간중간에 걸이 인대를 유연하게 하는 눈 초점 운동을 해 주는 것이 좋습니다. 자, 여러분 저를 따라해 보시죠. 먼저 30cm 이내의 근거리를 10초 동안 바라봅니다. 그리고 바로 이어서 5m 이상의 원거리를 10초 동안 바라봅니다. 이것을 번갈아 1분 이상 해 주면 됩니다. 어떠신가요? 눈이 좀 시원해지셨나요? (청중의 반응을 확인하고) 그러면 눈 초점 운동은 얼마나 효과가 있을까요? (㉢ 자료 제시) 보시는 것처럼 눈 초점 운동을 하루에 10회 이상 지속적으로 한 사람은 눈 자동 초점 기능이 크게 향상되었음을 확인할 수 있습니다. \n 오늘의 제 발표가 여러분의 눈 건강에 도움이 되었으면 좋겠습니다. 그렇지만 무엇보다 눈 건강에 가장 좋은 것은 휴대폰 보는 시간을 줄여 눈을 쉬게 해야 한다는 점은 잘 아시죠? 시력은 한 번 저하되면 눈 초점 운동을 한다고 해도 회복되기 어렵기 때문입니다. 오늘 제가 발표한 내용은 대한안과학회에서 발간한 학술지와 대한시과학회의 누리집에 게재된 자료를 바탕으로 했습니다. 그럼 이상으로 발표를 마치겠습니다.','휴대폰 사용과 눈 건강에 대한 인식 개선',NULL,NULL,0,NULL,0,'2024-04-24 11:18:25',NULL,NULL,0),(9,1,'EPIGRAPHY','\n(가) \n 호펠드는 권리 개념이 생각보다 복잡하기 때문에 엄밀하게 사용되지 않을 경우 잘못된 추론이나 결론으로 이어질 수 있 다고 보았다. 그는 ‘X가 상대방 Y에 대하여 무언가에 관한 권 리를 가진다.’는 진술이 의미하는 바를 몇 가지 기본 범주들로 살펴 권리 개념을 이해해야 권리자 X와 그 상대방 Y의 지위 를 명확히 파악할 수 있다고 주장했다. 권리의 기본 범주는 다 음과 같다. \n 첫째, 청구권이다. 이는 ㉠ Y가 X에게 A라는 행위를 할 법 적 의무가 있다면 X는 상대방 Y에 대하여 A라는 행위를 할 것을 법적으로 청구할 수 있다는 의미이다. 호펠드는 청구가 논리적으로 언제나 의무와 대응 관계를 이룬다고 보았다. 가령 X는 폭행당하지 않을 권리를 가졌는데, Y에게 X를 폭행하지 않을 의무가 부과되지 않았다고 한다면 그 권리는 무의미하기 때문이다. 따라서 청구로서의 권리는 단순히 무언가를 주장하 는 것이 아니라 의무 이행 혹은 의무 불이행에 대한 일련의 법적 조치를 포함하고 있다. 또한 의무의 내용이 달라지면 권 리의 내용도 달라진다고 볼 수 있다. \n 둘째, 자유권 이다. 이는 X가 상대방 Y에 대하여 A라는 행 위를 하거나 하지 않아야 할 법적 의무가 없다면 X는 Y에 대 하여 A를 행하지 않거나 행할 법적 자유가 있다는 의미이다. 이 권리의 특징은 의무의 부정에 있다. 가령 A를 행할 자유가 있다는 것은 A를 하지 않아야 할 법적 의무가 없다는 것이다. 이때 Y는 X가 A를 행하는 것을 방해하지 말아야 할 의무가 있는 것은 아니다. 즉 권리자의 상대방은 권리자의 권리 행사 를 방해할 권리를 가질 수 있다는 것이다. 이처럼 자유로서의 권리는 상대방의 ‘청구권 없음.’과 대응 관계에 있다. \n 셋째, 권능으로서의 권리이다. 이는 X가 상대방 Y에게 법적 효과 C를 야기하는 것이 인정된다면 X는 Y에게 효과 C를 초 래할 수 있는 법적 권능을 가진다는 의미이다. 권능은 법률 행 위를 통해서 자신 또는 타인의 법률관계를 창출하거나 변경 또는 소멸시킬 수 있는 힘을 가리킨다. 가령 소송할 권리 등이 이에 해당한다고 볼 수 있다. 이때 권능을 행사하는 자의 상대 방은 권능을 가진 자의 처분 아래 놓인 상태에 있다. \n 넷째, 면제권이다. 이는 X에게 C라는 효과를 야기할 법적 권능이 상대방 Y에게 없다면, X는 Y에 대하여 C라는 법적 효 과에 대한 법적 면제를 가진다는 의미이다. 다시 말해 Y가 X 와 관련하여 법률관계를 형성, 변경, 소멸시킬 수 있는 권능을 가지고 있지 않다는 것이다. 면제로서의 권리는 상대방이 그러 한 처분을 ‘할 권능 없음.’과 대응 관계에 있다. 그러므로 면제 권의 부정은 권능을 가진 자의 처분 아래 놓여 있음을 의미한 다. 가령 토지 소유권자는 자신 이외의 다른 사람에 의해서 토 지가 처분되지 않을 권리를 가지고 있다고 할 수 있다. \n (나) \n 근대 이후 개인의 권리가 중시되자 법철학은 권리의 근본적 성격을 법적으로 존중되는 의사에 의한 선택의 관점에서 볼 것 인가 아니면 법적으로 보호되는 이익의 관점에서 볼 것인가를 놓고 지속적으로 논쟁해 왔다. 각각 의사설과 이익설로 불리는 두 입장은 권리란 무엇인가에 대해 서로 견해를 달리한다. \n 의사설의 기본적인 입장은 어떤 사람이 무언가에 대하여 권 리를 갖는다는 것은 법률관계 속에서 그 무언가와 관련하여 그 사람의 의사에 의한 선택이 다른 사람의 의사보다 우월한 지위에 있음을 법적으로 인정하는 것이다. 의사설을 지지한 하 트는 권리란 그것에 대응하는 의무가 존재한다고 보았다. 그는 의무의 이행 여부를 통제할 권능을 가진 권리자의 선택이 권 리의 본질적 요소라고 보았기 때문에 법이 타인의 의무 이행 여부에 대한 권능을 부여하지 않은 경우에는 권리를 가졌다고 말할 수 없다고 주장했다. \n 의사설은 타인의 의무 이행 여부와 관련된 권능, 곧 합리적 이성을 가진 자가 아니면 권리자가 되지 못하는 난점이 있다. 가령 사람이 동물 보호 의무를 갖는다고 하더라도 동물이 권 리를 갖는다고 보기는 어렵다. 왜냐하면 동물은 이성적 존재가 아니기 때문이다. 그래서 의사설은 권리 주체를 제한한다는 비 판을 받는다. 또한 의사설은 면제권을 갖는 어떤 사람이 면제 권을 포기함으로써 타인의 권능 아래에 놓일 권리, 즉 스스로 를 노예와 같은 상태로 만들 권리를 인정해야 하는 상황에 직 면한다. 하지만 현대에서는 이런 상황이 인정되기가 ⓐ 어렵다. \n 이익설의 기본적인 입장은 권리란 이익이며, 법이 부과하는 타인의 의무로부터 이익을 얻는 자는 누구나 권리를 갖는다는 것이다. 그래서 타인의 의무 이행에 따른 이익이 없다면 권리 가 없다고 본다. 이익설을 주장하는 라즈는 권리와 의무가 동 전의 양면처럼 논리적으로 서로 대응하는 관계일 뿐만 아니라 권리가 의무를 정당화하는 관계에 있다고 보았다. 즉 권리가 의무 존재의 근거가 된다고 보는 입장을 지지한다고 볼 수 있 다. 그래서 누군가의 어떤 이익이 타인에게 의무를 부과할 만 큼 중요성을 가지는 것일 때 비로소 그 이익은 권리로서 인정 된다고 보았다. 호펠드식으로 말한다면 법이 개인들에게 이익 이 되는 바를 그 중요도나 특성에 따라서 청구권, 자유권, 권 능 또는 면제권의 형식으로 보호하는 것이라고 볼 수 있다. \n 이익설의 난점으로는 제3자를 위한 계약을 들 수 있다. 가 령 갑이 을과 계약하며 병에게 꽃을 배달해 달라고 했다고 하 자. 이익 수혜자는 병이지만 권리자는 계약을 체결한 갑이다. 쉽게 말해 을의 의무 이행에 관한 권능을 가진 사람은 병이 아니라 갑이다. 그래서 이익설은 이익의 수혜자가 아닌 권리자 가 있는 경우를 설명하기 어렵다는 비판을 받는다. 또한 이익 설은 권리가 실현하려는 이익과 그에 상충하는 이익을 비교해 야 할 경우 어느 것이 더 우세한지를 측정하기 쉽지 않다.','권리의 본질과 이론: 의사설과 이익설의 비교',NULL,NULL,0,NULL,0,'2024-04-24 11:18:34',NULL,NULL,0),(10,1,'EPIGRAPHY','어떤 독서 이론도 이 한 장의 사진만큼 독서의 위대함을 분명하게 말해 주지 못할 것이다. 사진은 제2차 세계 대전 당시 처참 하게 무너져 내린 런던의 한 건물 모습이다. ㉠(폐허 속에서도 사람 들이 책을 찾아 서가 앞에 선 이유는 무엇일까?) 이들은 갑작스레 닥친 상황에서 독서를 통해 무언가를 구하고자 했을 것이다. 독서는 자신을 살피고 돌아볼 계기를 제공함으로써 어떻게 살 것인가의 문제를 생각하게 한다. 책은 인류의 지혜와 경험이 담겨 있는 문화유산이며, 독서는 인류와의 만남이자 끝없는 대화 이다. \n독자의 경험과 책에 담긴 수많은 경험들의 만남은 성찰의 기회를 제공함으로써 독자의 내면을 성장시켜 삶을 바꾼다. 이런 의미에서 독서는 자기 성찰의 행위이며, 성찰의 시간은 깊이 사색하고 스스로에게 질문을 던지는 시간이어야 한다. 이들이 책을 찾은 것도 혼란스러운 현실을 외면하려 한 것이 아니라 자신의 삶에 대한 숙고의 시간이 필요했기 때문이다. \n또한 ㉡(독서는 자신을 둘러싼 현실을 올바로 인식하고 당면한 문제를 해결할 논리와 힘을 지니게 한다.) 책은 세상에 대한 안목을 키우는 데 필요한 지식을 담고 있으며, 독서는 그 지식을 얻는 과정이다. 독자의 생각과 오랜 세월 축적된 지식의 만남은 독자 에게 올바른 식견을 갖추고 당면한 문제를 해결할 방법을 모색 하도록 함으로써 세상을 바꾼다. 세상을 변화시킬 동력을 얻는 이 시간은 책에 있는 정보를 이해하는 데 그치는 것이 아니라 그 정보가 자신의 관점에서 문제를 해결할 수 있는 타당한 정 보인지를 판단하고 분석하는 시간이어야 한다. 서가 앞에 선 사람들도 시대적 과제를 해결할 실마리를 책에서 찾으려 했던 것이다. \n독서는 자기 내면으로의 여행이며 외부 세계로의 확장이다. 폐허 속에서도 책을 찾은 사람들은 독서가 지닌 힘을 알고, 자신과 현실에 대한 이해를 구하고자 책과의 대화를 시도하고 있었던 것이다.','독서 이론, 독서의 목적과 가치',NULL,NULL,0,NULL,0,'2024-04-24 11:31:51',NULL,NULL,0),(11,1,'EPIGRAPHY','(가) ㉠(정립-반정립-종합). 변증법의 논리적 구조를 일컫는 말이다. 변증법에 따라 철학적 논증을 수행한 인물로는 단연 헤겔이 거명된다. 변증법은 대등한 위상을 지니는 세 범주의 병렬이 아니라, 대립적인 두 범주가 조화로운 통일을 이루어 가는 수렴적 상향성을 구조적 특징으로 한다. 헤겔에게서 변증법은 논증의 방식임을 넘어, 논증 대상 자체의 존재 방식이기도 하다. 즉 세계의 근원적 질서인 ‘이념’의 내적 구조도, 이념이 시ㆍ공간적 현실로서 드러나는 방식도 변증법적이기에, 이념과 현실은 하나의 체계를 이루며, 이 두 차원의 원리를 밝히는 철학적 논증도 변증법적 체계성을 ⓐ (지녀야) 한다. \n헤겔은 미학도 철저히 변증법적으로 구성된 체계 안에서 다루 고자 한다. 그에게서 미학의 대상인 예술은 종교, 철학과 마찬 가지로 ‘절대정신’의 한 형태이다. 절대정신은 절대적 진리인 ‘이념’을 인식하는 인간 정신의 영역을 ⓑ(가리킨다). 예술ㆍ종교ㆍ 철학은 절대적 진리를 동일한 내용으로 하며, 다만 인식 형식의 차이에 따라 구분된다. 절대정신의 세 형태에 각각 대응하는 형식은 직관ㆍ표상ㆍ사유 이다. ‘직관’은 주어진 물질적 대상을 감각적으로 지각하는 지성이고, ‘표상’은 물질적 대상의 유무와 무관하게 내면에서 심상을 떠올리는 지성이며, ‘사유’는 대상을 개념을 통해 파악하는 순수한 논리적 지성이다. 이에 세 형태는 각각 ‘직관하는 절대정신’, ‘표상하는 절대정신’, ‘사유하는 절대 정신’으로 규정된다. 헤겔에 따르면 직관의 외면성과 표상의 내면성은 사유에서 종합되고, 이에 맞춰 예술의 객관성과 종교의 주관성은 철학에서 종합된다. \n형식 간의 차이로 인해 내용의 인식 수준에는 중대한 차이가 발생한다. 헤겔에게서 절대정신의 내용인 절대적 진리는 본질적 으로 논리적이고 이성적인 것이다. 이러한 내용을 예술은 직관 하고 종교는 표상하며 철학은 사유하기에, 이 세 형태 간에는 단계적 등급이 매겨진다. 즉 예술은 초보 단계의, 종교는 성장 단계의, 철학은 완숙 단계의 절대정신이다. 이에 따라 ㉡ (예술종교-철학) 순의 진행에서 명실상부한 절대정신은 최고의 지성에 의거하는 것, 즉 철학뿐이며, 예술이 절대정신으로 기능할 수 있는 것은 인류의 보편적 지성이 미발달된 머나먼 과거로 한정 된다. \n\n(나) \n변증법의 매력은 ‘종합’에 있다. 종합의 범주는 두 대립적 범주 중 하나의 일방적 승리로 ⓒ (끝나도) 안 되고, 두 범주의 고유한 본질적 규정이 소멸되는 중화 상태로 나타나도 안 된다. 종합은 양자의 본질적 규정이 유기적 조화를 이루어 질적으로 고양된 최상의 범주가 생성됨으로써 성립하는 것이다. \n헤겔이 강조한 변증법의 탁월성도 바로 이것이다. 그러기에 변증법의 원칙에 최적화된 엄밀하고도 정합적인 학문 체계를 조탁하는 것이 바로 그의 철학적 기획이 아니었던가. 그런데 그가 내놓은 성과물들은 과연 그 기획을 어떤 흠결도 없이 완수한 것으로 평가될 수 있을까? 미학에 관한 한 ‘그렇다’는 답변은 쉽지 않을 것이다. 지성의 형식을 직관-표상-사유 순으로 구성하고 이에 맞춰 절대정신을 예술-종교-철학 순으로 편성한 전략은 외관상으로는 변증법 모델에 따른 전형적 구성으로 보인다. 그러나 실질적 내용을 ⓓ (보면) 직관으로부터 사유에 이르는 과정에서는 외면성이 점차 지워지고 내면성이 점증적으로 강화ㆍ완성되고 있음이, 예술로부터 철학에 이르는 과정에서는 객관성이 점차 지워지고 주관성이 점증적으로 강화ㆍ완성되고 있음이 확연히 드러날 뿐, 진정한 변증법적 종합은 ⓔ(이루어지지) 않는다. 직관의 외면성 및 예술의 객관성의 본질은 무엇보다도 감각적 지각성인데, 이러한 핵심 요소가 그가 말하는 종합의 단계에서는 완전히 소거되고 만다. \n변증법에 충실하려면 헤겔은 철학에서 성취된 완전한 주관성이 재객관화되는 단계의 절대정신을 추가했어야 할 것이다. 예술은 ‘철학 이후’의 자리를 차지할 수 있는 유력한 후보이다. 실제로 많은 예술 작품은 ‘사유’를 매개로 해서만 설명되지 않는가. 게다가 이는 누구보다도 풍부한 예술적 체험을 한 헤겔 스스로가 잘 알고 있지 않은가. 이 때문에 방법과 철학 체계 간의 이러한 불일치는 더욱 아쉬움을 준다.','주제 통합',NULL,NULL,0,NULL,0,'2024-04-24 11:31:54',NULL,NULL,0),(12,1,'EPIGRAPHY','기축 통화는 국제 거래에 결제 수단으로 통용되고 환율 결정에 기준이 되는 통화이다. 1960년 트리핀 교수는 브레턴우즈 체제 에서의 기축 통화인 달러화의 구조적 모순을 지적했다. 한 국가의 재화와 서비스의 수출입 간 차이인 경상 수지는 수입이 수출을 초과하면 적자이고, 수출이 수입을 초과하면 흑자이다. 그는 “미국이 경상 수지 적자를 허용하지 않아 국제 유동성 공급이 중단되면 세계 경제는 크게 위축될 것”이라면서도 “반면 적자 상태가 지속돼 달러화가 과잉 공급되면 준비 자산으로서의 신뢰도가 저하되고 고정 환율 제도도 붕괴될 것”이라고 말했다. \n이러한 트리핀 딜레마는 국제 유동성 확보와 달러화의 신뢰도 간의 문제이다. 국제 유동성이란 국제적으로 보편적인 통용력을 갖는 지불 수단을 말하는데, ㉠ (금 본위 체제)에서는 금이 국제 유동성의 역할을 했으며, 각 국가의 통화 가치는 정해진 양의 금의 가치에 고정되었다. 이에 따라 국가 간 통화의 교환 비율인 환율은 자동적으로 결정되었다. 이후 ㉡ (브레턴우즈 체제)에서는 국제 유동성으로 달러화가 추가되어 ‘금 환 본위제’가 되었다. 1944년에 성립된 이 체제는 미국의 중앙은행에 ‘금 태환 조항’에 따라 금 1온스와 35달러를 언제나 맞교환해 주어야 한다는 의무를 지게 했다. 다른 국가들은 달러화에 대한 자국 통화의 가치를 고정했고, 달러화로만 금을 매입할 수 있었다. 환율은 경상 수지의 구조적 불균형이 있는 예외적인 경우를 제외하면 ±1% 내에서의 변동만을 허용했다. 이에 따라 기축 통화인 달러화를 제외한 다른 통화들 간 환율인 교차 환율은 자동적으로 결정 되었다. \n1970년대 초에 미국은 경상 수지 적자가 누적되기 시작하고 달러화가 과잉 공급되어 미국의 금 준비량이 급감했다. 이에 따라 미국은 달러화의 금 태환 의무를 더 이상 감당할 수 없는 상황에 도달했다. 이를 해결할 수 있는 방법은 달러화의 가치를 내리는 평가 절하, 또는 달러화에 대한 여타국 통화의 환율을 하락시켜 그 가치를 올리는 평가 절상이었다. 하지만 브레턴우즈 체제하에서 달러화의 평가 절하는 규정상 불가능했고, 당시 대규모 대미 무역 흑자 상태였던 독일, 일본 등 주요국들은 평가 절상에 나서려고 하지 않았다. 이 상황이 유지되기 어려울 것 이라는 전망으로 독일의 마르크화와 일본의 엔화에 대한 투기적 수요가 증가했고, 결국 환율의 변동 압력은 더욱 커질 수밖에 없었다. 이러한 상황에서 각국은 보유한 달러화를 대규모로 금으로 바꾸기를 원했다. 미국은 결국 1971년 달러화의 금 태환 정지를 선언한 닉슨 쇼크를 단행했고, 브레턴우즈 체제는 붕괴 되었다. \n그러나 붕괴 이후에도 달러화의 기축 통화 역할은 계속되었다. 그 이유로 규모의 경제를 생각할 수 있다. 세계의 모든 국가에서 ㉢ (어떠한 기축 통화도 없이 각각 다른 통화가 사용되는 경우) 두 국가를 짝짓는 경우의 수만큼 환율의 가짓수가 생긴다. 그러나 하나의 기축 통화를 중심으로 외환 거래를 하면 비용을 절감 하고 규모의 경제를 달성할 수 있다.','기축 통화',NULL,NULL,0,NULL,0,'2024-04-24 11:33:50',NULL,NULL,0),(13,1,'EPIGRAPHY','주차하거나 좁은 길을 지날 때 운전자를 돕는 장치들이 있다. 이 중 차량 전후좌우에 장착된 카메라로 촬영한 영상을 이용하여 차량 주위 360°의 상황을 위에서 내려다본 것 같은 영상을 만들어 차 안의 모니터를 통해 운전자에게 제공하는 장치 가 있다. 운전자에게 제공되는 영상이 어떻게 만들어지는지 알아 보자. \n먼저 차량 주위 바닥에 바둑판 모양의 격자판을 펴 놓고 카메라로 촬영한다. 이 장치에서 사용하는 광각 카메라는 큰 시야각을 갖고 있어 사각지대가 줄지만 빛이 렌즈를 ⓐ 지날 때 렌즈 고유의 곡률로 인해 영상이 중심부는 볼록하고 중심부 에서 멀수록 더 휘어지는 현상, 즉 렌즈에 의한 상의 왜곡이 발생한다. 이 왜곡에 영향을 주는 카메라 자체의 특징을 내부 변수라고 하며 왜곡 계수로 나타낸다. 이를 알 수 있다면 왜곡 모델을 설정하여 왜곡을 보정할 수 있다. 한편 차량에 장착된 카메라의 기울어짐 등으로 인해 발생하는 왜곡의 원인을 외부 변수라고 한다. ㉠ 촬영된 영상과 실세계 격자판을 비교하면 영상에서 격자판이 회전한 각도나 격자판의 위치 변화를 통해 카메라의 기울어진 각도 등을 알 수 있으므로 왜곡을 보정할 수 있다. \n왜곡 보정이 끝나면 영상의 점들에 대응하는 3차원 실세계의 점들을 추정하여 이로부터 원근 효과가 제거된 영상을 얻는 시점 변환이 필요하다. 카메라가 3차원 실세계를 2차원 영상으로 투영하면 크기가 동일한 물체라도 카메라로부터 멀리 있을수록 더 작게 나타나는데, 위에서 내려다보는 시점의 영상에서는 거리에 따른 물체의 크기 변화가 없어야 하기 때문이다. \n㉡ 왜곡이 보정된 영상에서의 몇 개의 점과 그에 대응하는 실세계 격자판의 점들의 위치를 알고 있다면, 영상의 모든 점들과 격자판의 점들 간의 대응 관계를 가상의 좌표계를 이용하여 기술할 수 있다. 이 대응 관계를 이용해서 영상의 점들을 격자의 모양과 격자 간의 상대적인 크기가 실세계에서와 동일하게 유지 되도록 한 평면에 놓으면 2차원 영상으로 나타난다. 이때 얻은 영상이 ㉢ 위에서 내려다보는 시점의 영상이 된다. 이와 같은 방법으로 구한 각 방향의 영상을 합성하면 차량 주위를 위에서 내려다본 것 같은 영상이 만들어진다.','운전 편의 장치',NULL,NULL,0,NULL,0,'2024-04-24 11:34:17',NULL,NULL,0),(14,1,'EPIGRAPHY','\n(가) \n광고는 시장의 형태 중 독점적 경쟁 시장에서 그 효과가 크다. 독점적 경쟁 시장은, 유사하지만 차별적인 상품을 다수의 판매자가 경쟁하며 판매하는 시장이다. 각 판매자는 자신이 공급하는 상품을 구매자가 차별적으로 인지하고 선호할 수 있도록 하기 위해 광고를 이용한다. 판매자에게 그러한 차별적 인지와 선호가 중요한 이유는, 이를 통해 판매자가 자신의 상품을 원하는 구매자에 대해 누리는 독점적 지위를 강화할 수 있기 때문이다. \n일반적으로 독점적 지위 를 누린다는 것은 상품의 가격을 결정 할 수 있는 힘이 있다는 의미이다. 그럼에도 불구하고 판매자는 구매자의 수요를 고려해야 한다. 대체로 구매자는 상품의 물량이 많을 때보다 적을 때 높은 가격을 지불하고자 하기 때문에, 판매자는 공급량을 감소시킴으로써 더 높은 가격을 책정할 수 있다. 독점적 경쟁 시장의 판매자도 이러한 지위 덕분에 상품에 차별성이 없는 경우를 가정할 때보다 다소 비싼 가격에 상품을 판매하는 경향이 있다. 그러나 그 결과 독점적 경쟁 시장의 판매자가 단기적으로 이윤을 보더라도, 그 이윤이 지속되리라 기대할 수는 없다. 이윤을 보는 판매자가 있으면 그러한 이윤에 이끌려 약간 다른 상품을 공급하는 신규 판매자의 수가 장기적 으로 증가하고, 그 결과 기존 판매자가 공급하던 상품에 대한 수요는 감소하여 이윤이 줄어들 것이기 때문이다. \n판매자가 광고를 통해 상품의 차별성을 알리는 대표적인 방법은 상품에 대한 정보를 전달하는 것이다. 하지만 많은 비용을 들인 것으로 보이는 광고만으로도 상품의 차별성을 부각할 수 있다. 판매자가 경쟁력에 자신 없는 상품에 많은 광고 비용을 지출 하지 않을 것이라는 구매자의 추측을 유도하는 것이 이 광고 방법의 목적이다. 가격이 변화할 때 구매자의 상품 수요량이 변하는 정도를 수요의 가격 탄력성이라 하는데, 구매자가 자신이 선호하는 상품이 차별화되었다고 느낄수록 수요의 가격 탄력성은 감소한다. 이처럼 구매자가 특정 상품에 갖는 충성도가 높아 지면, 판매자의 독점적 지위는 강화된다. 판매자는 이렇게 광고가 경쟁을 제한하는 효과를 노린다. 독점적 경쟁 시장에 진입하는 신규 판매자도 상품의 차별성을 강조함으로써 독점적 지위를 확보하고자 광고를 빈번하게 이용한다. \n(나) \n광고는 광고주인 판매자의 이윤 추구 수단으로 기획되지만, 그러한 광고가 광고주의 의도와 상관없이 시장에 영향을 끼치기도 한다. 우선 광고가 독점적 경쟁 시장의 판매자 간 경쟁을 촉진 할 수 있다. 이러한 효과는 광고를 통해 상품 정보에 노출된 구매자가 상품의 품질이나 가격에 예민해질 때 발생한다. 특히 구매자가 가격에 민감하게 수요량을 바꾼다면, 판매자는 경쟁 상품의 가격을 더욱 고려하게 되어 가격 경쟁에 돌입하게 된다. 또한 경쟁은 신규 판매자가 광고를 통해 신상품을 쉽게 홍보하고 시장에 진입할 수 있게 됨으로써 촉진된다. 더 많은 판매자가 시장에서 경쟁하게 되면 각 판매자의 독점적 지위는 약화되고, 구매자는 더 다양한 상품을 높지 않은 가격에 구매할 수 있게 된다. \n광고가 특정한 상품에 대한 독점적 경쟁 시장을 넘어서 경제와 사회 전반에 영향을 주기도 한다. 개별 광고가 구매자의 내면에 잠재된 필요나 욕구를 환기하여 대상 상품에 대한 소비를 촉진 하는 효과가 합쳐지면 경제 전반에 선순환을 기대할 수 있다. 경제에 광고가 없는 상황을 가정할 때와 비교하면 광고는 쓰던 상품을 새 상품으로 대체하고 싶은 소비자의 욕구를 강화하고, 신상품이 인기를 누리는 유행 주기를 단축하여 소비를 증가시킬 수 있다. 촉진된 소비는 생산 활동을 자극한다. 상품의 생산에는 근로자의 노동, 기계나 설비 같은 생산 요소가 들어가므로, 생산 활동이 증가하면 결과적으로 고용이나 투자가 증가한다. 고용 및 투자의 증가는 근로자이거나 투자자인 구매자의 소득을 증가시킬 수 있다. 경제 전반의 소득이 증가할 때 소비가 증가 하는 정도를 한계 소비 성향이라고 하는데, 한계 소비 성향은 양(+)의 값이어서, 경제 전반의 소득 수준이 향상되면 소비가 증가하게 된다. \n하지만 광고의 소비 촉진 효과는 환경 오염을 우려하는 사람들 에게 비판의 대상이 되기도 한다. 소비뿐만 아니라 소비로 촉진된 생산 활동에서도 환경 오염이 발생하기 때문이다. 환경 오염을 적절한 수준으로 줄이기에 충분한 비용을 판매자나 구매자가 지불할 가능성은 낮으므로, 대부분의 경우에 환경 오염은 심할 수밖에 없다.','광고의 기능 및 영향',NULL,NULL,0,NULL,0,'2024-04-24 11:34:21',NULL,NULL,0),(15,1,'EPIGRAPHY','㉠(경마식 보도)는 경마 중계를 하듯 지지율 변화나 득표율 예측 등을 집중 보도하는 선거 방송의 한 방식이다. 경마식 보도는 선거일이 가까워질수록 증가 한다. 새롭고 재미있는 정보를 원하는 시청자들의 요구에 부응하고, 방송사로서도 매일 새로운 뉴스를 제공하는 방편이 될 수 있기 때문이다. 경마식 보도는 선거와  정치에 무관심한 유권자들의 선거 참여, 정치 참여를 독려하는  장점이 있다. 하지만 흥미를 돋우는 데 치중하는 경마식 보도는 선거의 주요 의제 를 도외시하고 경쟁 결과에 초점을 맞춰 선거의 공정성을 저해할 수 있다. 경마식 보도의 문제점을 줄이려는 조치가 있다. ㉮ (공직 선거법)의 규정에 따르 면, 당선인을 예상케 하는 여론조사를  실시하는 것은 언제든지 가능하지만, 그 결과의 보도는 선거일  6일 전부터 투표 마감 시각까지 금지된다. 이러한 규 정이 국민의 알 권리와 언론의 자유를 침해하는지에 대해 헌법재판소는 신뢰할 수 있는 여론조사 결과라 하더라도 선거일에 임박해 보도하면  선거에 영향을 끼칠 수 있다며 합헌 결정을 내렸다. 공직선거법 에 근거를 둔 ㉯ (선거방송심의에 관한 특별규정)은 유권자에게  영향을 줄 수 있는 사실의 왜곡 보도를 금지하고, 여론조사 결과가 오차 범위 내에 있을 때에 이를 밝히지 않은 채로 서열이나 우열을 나타내는 보도도 금지하고 있다. 언론 단체의 ㉰ (선거 여론 조사보도준칙)은 표본 오차를 감안하여 여론조사 결과를  정확하게 보도하도록 요구한다. 지지율 차이가 오차 범위 내에  있을 때 “경합”이라는 표현은 무방 하지만 서열화하거나 “오차  범위 내에서 앞섰다.”라는 표현처럼 우열을 나타내어 보도할  수 없다는 것이다. 경마식 보도로부터 드러난 선거 방송의 한계를 보완하는 방책 중 하나로 선거 방송 토론회가 활용될 수 있다. 이 토론회를  통해 후보자 간 정책과 자질 등의 차이가 드러날 수 있는데,  현실적인 이유로 초청 대상자는 한정된다. ㉡ (공직선거법)의  선거 방송 토론회 규정은 5인 이상의 국회의원을 가진 정당이나 직전 선거에서 3% 이상 득표한 정당이 추천한 후보자, 또는  언론기관의 여론조사 결과 평균 지지율이 5% 이상인 후보자  등을 초청 기준으로 제시하고 있다. 다만 초청 대상이 아닌 후보자들을 위해 별 도의 토론회 개최가 가능하고 시간이나  횟수를 다르게 할 수 있다. 이러한 규정이 선거 운동의 기회균등 원칙을 침해하는지에  대해 헌법재판소는 위헌이 아니라고 결정했다. ⓐ(다수 의견)은  방송 토론회의 효율적 운영을 고려할 때 초청 대상 후보자 수가 너무 많으면 제한된 시간 안에 심층적인 토론이 이루어 지기 어렵고, 유권자들도 관심이 큰 후보자들의 정책 및 자질을 직접 비교하기 어렵다는 점을 지적하며, 이 규정은 합리적 제한이라고 보았다. 반면 ⓑ (소수 의견)은 이 규정이 가장 효과적인 선거 운동의 기회를 일부 후보자에게서 박탈하며, 유권자에게도 모든 후보자를 동시에 비교하지 못하게 하고, 초청 대상 후보자 토론회에 참여한 후보자와 그렇지 못한 후보자를 차별적으로  인식하게 만든다고 지적하였다. 이 규정을 소수 정당이나 정치  신인 등에 대한 자의적 이고 차별적인 침해라고 본 것이다.','경마식 보도',NULL,NULL,0,NULL,0,'2024-04-24 11:35:46',NULL,NULL,0),(16,1,'EPIGRAPHY','데이터를 처리할 때 데이터의 정확성은 매우 중요하다. 그런데 데이터에 결측치와 이상치가 포함되면 데이터의 특징을 제대로 나타내기 어렵다. \n 결측치는 데이터 값이 빠져 있는 것이다. 결측치를 처리하는 방법 중 하나인 대체는 다른 값으로 결측치를 채우는 것인데,  대체하는 값으로는 평균, 중앙값, 최빈값을 많이 사용한다. 중앙 값은 데이터를 크기순으로 정렬했을 때 중앙에 위치한 값이다.  크기가 같은 값이 복수일 경우에도 순위를 매겨 중앙값을 찾고,  데이터의 개수가 짝수이면 중앙에 있는 두 값의 평균이 중앙값 이다. 또 최빈값은 데이터에 가장 많이 나타나 는 값을 이른다.  일반적으로 데이터 값이 연속적인 수치이면 평균으로, 석차처럼 순위가 있는 값에는 중앙값으로, 직업과 같이 문자인 경우에는  최빈값으로 결측치를 대체한다. \n 이상치는 데이 터의 다른 값에 비해 유달리 크거나 작은 값으로,  데이터를 수집할 때 측정 오류 등에 의해 주로 생긴다. 그러나 정상적인 데이터라도 데이터의 특징을 왜곡하는 데이터 값이  있을 수 있다. 예를 들어, 데이터가 어떤 프로 선수들의 연봉이고 그중 한 명의 연봉이 유달리 많다면, 이상치가 포함된 데이터에 해당한다. 이런 데이터의 특징을 하나의 수치로 나타내려는 경우 ㉠(대푯값)으로 평균보다 중앙값을 주로 사용한다. \n 평면상에 있는 점들의 위치를 나타내는 데이터에서도 이상치를 발견할 수 있다. 대부분의 점들이 가상의 직선 주위에 모여 있다면 이 직선은 데이터의 특 징을 잘 나타낸다고 할 수 있다.  이 직선을 직선 L이라고 하자. 그런데 직선 L로부터 멀리 떨어진 위치에도 몇 개의 점이 있다. 이 점들이 이상치이다. \n ㉡(이상치)를 포함하는 데이터에서 직선 L을 찾는다고 하자. 이때 사용할 수 있는 기법의 하나인 A기법은 두 점을 무작위로 골라 정상치 집합으로 가정하고, 이 두 점을 지나는 후보 직선을 그어 나머지 점들과 후보 직선 사이의 거 리를 구한다.  이 거리가 허용 범위 이내인 점들을 정상치 집합에 추가한다.  정상치 집합의 점의 개수가 미리 정해 둔 기준, 즉 문턱값보다  많으면 후보 직선을 최종 후보군에 넣는다. 반대로 점의 개수가 문턱값보다 적으면 후보 직선을 버린다. 만약 처음에 고른 점이 이상치이면, 대부분의 점들은 해당 후보 직선과의 거리가 너무 멀어 이 직선은 최종 후보군에서 제외되는 것이다 . 이 과정을 반복하여 최종 후보군을 구하고, 최종 후보군에 포함된 직선  중에서 정상치 집합의 데이터 개수가 최대인 직선을 직선 L로  선택한다. 이 기법은 이상치가 있어도 직선 L을 찾을 가능성이  높다.','데이터 분석에서 결측치와 이상치 처리 방법',NULL,NULL,0,NULL,0,'2024-04-24 11:35:54',NULL,NULL,0),(17,1,'EPIGRAPHY','저울은 흔히 지렛대의 원리를 이용하거나 전기 저항 변화를  측정하여 질량을 잰다. 그렇다면 초정밀 저울은 기체 분자나  DNA와 같은 미세 물질의 질량을 어떻게 잴까? 이에 답하기  위해서는 압전 효과에 대한 이해가 필요하다. \n 압전 효과에는 재료에 기계적 변형이 생기면 재료에 전압이  발생하는 1차 압전 효과와, 재료에 전압을 걸면 재료에 기계적  변형이 생기는 2차 압전 효과가 있다. 두 압전 효과가 모두 생기는 재료를 압전체라 하며, 수정이 주로 쓰인다. \n 압전체로 사용하는 수정은 특정 방향으로 절단 및 가공하여  납작한 원판 모양으로 만든다. 이후 원판의 양면에 전극을 만든 후 (＋)와 (－) 극이 교대로 바뀌는 전압을 가하면 수정이 진동 한다. 이때 전압의 주파수* 를 수정의 고유 주파수와 일치시켜  수정이 큰 폭으로 진동하도록 하여 진동을 측정하 기 쉽게 만든 것이 ㉠수정 진동자이다. 고유 주파수란 어떤 물체가 갖는 고유한 진동 주파수인데, 같은 재료의 압전체라도 압전체의 모양과 크기에 따라 달라진다. 수정 진동자에 어떤 물질이 달라붙어 질량이  증가하면 고유 주파수에서 진동하던 수정 진동자의 주파수가  감소한다. 수정 진동자의 주파수는 매우 작은 질량 변화에 민감 하게 변하므로 기체 분자나 DNA와 같은 미세한 물질의 질량을 측정할 수 있다. 진동자에서 질량 민감도는 주파수의 변화 정도를 측정된 질량으로 나눈 값인데, 수정 진동자의 질량 민감도는  매우 크다. \n 수정 진동자로 질량을 측정하는 원리 를 응용하면 특정 기체의 농도를 감지할 수 있다. 수정 진동자를 특정 기체가 붙도록 처리 하면, 여기에 특정 기체가 달라붙으며 질량 변화가 생겨 수정  진동자의 주파수는 감소한다. 일정 시 점이 되면 수정 진동자의  주파수가 더 감소하지 않고 일정한 값을 유지한다. 이렇게 일정한 값을 유지하는 이유는 특정 기체가 일정량 이상 달라붙지 않기  때문이다. 혼합 기체에서 특정 기체 의 농도가 클수록 더 작은  주파수에서 주파수가 일정하게 유지된다. 특정 기체가 얼마나  빨리 수정 진동자에 붙어서 주파수가 일정한 값이 되는가의  척도를 반응 시간이라 하는데, 반응 시간 이 짧을수록 특정 기체의 농도를 더 빨리 잴 수 있다. \n 그런데 측정 대상이 아닌 기체가 함께 붙으면 측정하려는 대상 기체의 정확한 농도 측정이 어렵다. 또한 대상 기체만 붙더라도 그 기체의 농도를 알 수는 없다. 이 때문에 대상 기체의 농도에 따라 수정 진동자의 주파수 변화를 미리 측정해 놓아야 한다.  그 후 대상 기체의 농도를 모르는 혼합 기체에서 주파수 변화를 측정하면 대 상 기체의 농도를 알 수 있다. 수정 진동자의 주파수 변화 정도를 농도로 나누면 농도에 대한 민감도를 구할 수 있다. * 주파수 : 진동이 1초 동안 반복하는 횟수 또는 전압의 (＋)와  (－) 극 이 1초 동안, 서로 바뀌고 다시 원래대로 되는 횟수.','압전 효과를 이용한 초정밀 질량 측정 기술',NULL,NULL,0,NULL,0,'2024-04-24 11:36:02',NULL,NULL,0),(18,1,'EPIGRAPHY','(가) 조선 왕조의 기본 법전인 경국대전에 규정된 신분제는 신분을 양인과 천인으로 나눈 양천제이다. 양인은 과거에 응시할 수  있었지만, 납세와 군역 등의 의무를 져야 했  다. 천인은 개 인이나 국가에 소속되어 천역(賤役)을 담당했다. 관료 집단을 뜻하던  양반이 16세기 이후 세습적으로 군역 면제 등의 차별적 특혜를  받는 신분으로 굳어짐에 따라 양인은 사회적으로 양반, 중 인,  상민으로 분화되었다. 이러한 법적, 사회적 신분제는 갑오개혁 으로 철폐되기 이전까지 조선 사회의 근간이 되었다. \n 조선 후기에 접어들어 농업 생산력의 증대와 상공업의 발달로 같은 신 분 안에서도 분화가 확대되었고, 이에 따라 신분제에  변화가 일어났다. 천인의 대다수를 구성했던 노비는 속량과 도망 등의 방식으로 신분적 억압에서 점차 벗어났다. 영조 연간에  편찬된 법 전인 속대전에서는 노비가 속량할 수 있는 값을  100냥으로 정하는 규정을 둠으로써 속량을 제도화했다. 이는  국가의 재정 운영상 노비제의 유지보다 그들을 양인 납세자로 전환하는 것이 유리했기 때문이었다. 몰락한 양반들은 노비의 유지가 어려워졌기 때문에 몸값을 받고 속량해 주는 길을 선택 했다. \n 18세기 이후 경제적으로 성장한 상민층에서는 ‘유학(幼學)’ 직역* 을 얻고 자 하는 현상이 나타났다. 유학은 벼슬을 하지 않은 유생(儒生)을 지칭했으나, 이 시기에는 관료로 진출하지 못한  이들을 가리키는 직역 명칭으로 ⓐ(굳어졌다.) 호적상 유학은 군역 면제라는 특 권이 있어서 상민층이 원하는 직역이었다. 유학 직역의  획득은 제도적으로 양반이 되는 것을 의미하였으나 그것이 곧  온전한 양반으로 인정받는 것을 의미하는 것은 아니었다. 당시  양반 집 단의 일원으로 인정받기 위해서는 ㉠(유교적 의례의  준행, 문중과 족보에의 편입 등) 다양한 조건이 필요했다. 이에  따라 일부 상민층은 유학 직역을 발판으로 양반 문화를 모방 하면서 양반으 로 인정받고자 했다. \n 조선 후기에는 신분 상승 현상이 일어나면서 양반의 하한선과 비(非)양반층의 상한선이 근접하는 모습이 나타났다. 양반들이  비양반층의 진입을 막는 힘은 여전히 작동하 고 있었지만, 비양 반층이 양반에 접근하고자 하는 힘은 더 강하게 작동했다. 유학의 증가는 이러한 현상의 단면을 보여 준다. * 직역 : 신분에 따라 정해진 의무로서의 역할. \n (나)(경국대전) 체제에서 양인은 관료가 될 수 있다는 점에서 능력 주의가 일부 작동하는 것처럼 보이지만, 실제로는 양반 이외의  신분에서는 관료가 되기 어려웠다. 이러한 상황에서 17세기의  유형원은 반계수록을 통해, 19세기의 정약용은 경세유표 등을 통해 각각 도덕적 능력주의에 기초한 일련의 개혁론 을 제시 했다. \n 유형원의 기본적인 생각은 국가 공동체를 성리학적 가치와  규범에 따라 운영하고, 구성원도 도덕적으로 만드는 도덕 국가의 건설이었다. 신분 세습을 비판한 그는 현명한 인재라도 노비로  5 5 20 태어나면 노비로 살아야 하는 것이 천하의 도리에 어긋난다고 보고, 노비제 폐지를 주장했다. 아울러 비도덕적 직업이라고  생각한 광대와 같은 직업군을 철폐하고, 사농공상(士農工商)의  사민(四民)으로 편성하고자 했다. 그는 과거제 대신 공거제를  통 해 도덕적 능력이 뛰어난 자를 추천으로 선발하여 여러 단계의 교육을 한 후, 최소한의 학식을 확인하여 관료로 임명해야 한다고 제안했다. 도덕을 기준으로 관료를 선발하고 지방에도 관료 선 발 인원을 적절히 분배하면 향촌 사회의 풍속도 도덕적으로 이끌 수 있다고 본 것이다. \n 정약용은 신분제가 동요하는 상황에서 사민이 뒤섞여 사는  것이 교화에 도움이 되지 않는다고 보고, 사 농공상별로 구분하여 거주하는 것을 포함한 행정 구역 개편을 구상했다. 이에 맞춰  사(士) 집단을 재편하고자 했다. 도덕적 능력의 여부에 따라 추천 으로 예비 관료인 ‘선사’를 선발하고 일정 한 교육을 한 후, 여러 단계의 시험을 거쳐 관료를 선발할 것을 제안했다. ㉡(사 거주지 에서 더 많은 선사를 선발)하도록 했지만, 농민과 상공인에도  선사의 선발 인원을 배정하는 등 노비 이외 에서 사 집단으로  진출할 수 있도록 했다. 노비제에 대해서는 사를 뒷받침하기  위해 유지되어야 한다고 주장했다. \n 도덕적 능력주의와 관련하여 두 사람은 모두 사회 지배층으로 서의 사에 주 목했다. 유형원은 다스리는 자인 사와 다스림을 받는 민의 구분을 분명히 하는 것이 천하의 이치라고 보고 ㉢도덕적 능력이 뛰어난 사람들로 지배층인 사를 구성하고자 했다. 정약용도 양반의 세습을 비판하며 도덕적 능력에 따라 사회 지배층을 재편 하는 데 입장을 같이했다. 또한 두 사람은 사회 전체의 도덕  실천을 이끌기 위해 사 집단에 정치권력, 경제력 등을 집중 시키려 했고, 지배층과 피지배층 간의 차등을 엄격하게 유지하고자 했다. 내용에서 일부 차이가 있었지만, 두 사람은 사회 지배층의 재구성을 통해 도덕 국가 체제를 추구했다','조선 후기 신분제 변화와 도덕 국가 체제 추구',NULL,NULL,0,NULL,0,'2024-04-24 11:36:12',NULL,NULL,0),(19,1,'EPIGRAPHY','공포 소구는 그 메시지에 담긴 권고를 따르지 않을 때의  해로운 결과를 강조하여 수용자를 설득하는 것으로, 1950년대  초부터 설득 전략 연구자들의 연구 대상이 되었다. 초기 연구를  대표하 는 재니스는 기존 연구에서 다루어지지 않았던 공포  소구의 설득 효과에 주목하였다. 그는 수용자에게 공포 소구를  세 가지 수준으로 달리 제시하는 실험을 한 결과, 중간 수준의  공포 소구 가 가장 큰 설득 효과를 보인다는 것을 발견하였다. \n 공포 소구 연구를 진척시킨 레벤달은 재니스의 연구가 인간의  감정적 측면에만 ㉠(치우쳤다고) 비판하며, 공포 소구의 효과는  수용자의 감 정적 반응만이 아니라 인지적 반응과도 관련된다고  하였다. 그는 감정적 반응을 ‘공포 통제 반응’, 인지적 반응을  ‘위험 통제 반응’이라 ㉡(불렀다.) 그리고 후자가 작동하면 수용 자들은 공포 소구의 권고를 따르게 되지만, 전자가 작동하면  공포 소구로 인한 두려움의 감정을 통제하기 위해 오히려 공포  소구에 담긴 위험을 무시하려는 반응을 보이게 된다고 하였다. \n 이러한 선행 연 구들을 종합한 위티는 우선 공포 소구의 설득  효과를 좌우하는 두 요인으로 ‘위협’과 ‘효능감’을 설정하였다.  수용자가 공포 소구에 담긴 위험을 자신이 ㉢(겪을) 수 있는 것이고 그 위험의 정 도가 크다고 느끼면, 그 공포 소구는 위협의  수준이 높다. 그리고 공포 소구에 담긴 권고를 이행하면 자신의  위험을 예방할 수 있고 자신에게 그 권고를 이행할 능력이  있다고 느끼면, 효능 감의 수준이 높다. 한 동호회에서 회원들 에게 ‘모임에 꼭 참석해 주세요. 불참 시 회원 자격이 사라집 니다.’라는 안내문을 ㉣(보냈다고) 하자. 회원 자격이 사라진다는  것은 그 동호회 활동에 강한 애착을 가지고 있는 사람에게는  높은 수준의 위협이 된다. 그리고 그가 동호회 모임에 참석하는  일이 어렵지 않다고 느낄 때, 안내문의 권고는 그에게 높은  수준의 효능감을 주게 된다. \n 위티는 이 두 요인을 레벤달이 말한 두 가지 통제 반응과  관련지어 다음과 같은 결론을 도출하였다. 위협과 효능감의  수준이 모두 높을 때에는 위험 통제 반응이 작동하고, 위협의  수준은 높지만 효능감의 수준이 낮을 때에는 공포 통제 반응이  작동한다. 그러나 위협의 수준이 낮으면, 수용자는 그 위협이  자신에게 아무 영향을 ㉤(주지) 않는다고 느껴 효능감의 수준에  관계없이 공포 소구에 대한 반응이 없게 된다. 이렇게 정리된  결론은 그간의 공포 소구 이론을 통합한 결과라는 점에서 후속  연구의 중요한 디딤돌이 되었다.','공포 소구의 설득 효과와 이론 발전',NULL,NULL,0,NULL,0,'2024-04-24 11:36:20',NULL,NULL,0),(20,1,'EPIGRAPHY','혈액을 통해 운반된 노폐물이나 독소는 주로 콩팥의 사구체를 통해 일차적으로 여과된다. 사구체는 모세 혈관이 뭉쳐진 덩어리 로, 보먼주머니에 담겨 있다. 사구체는 들세동맥에서 ⓐ(유입)되 는 혈액 중 혈구나 대부분의 단백질은 여과시키지 않고 날세동 맥으로 흘려보내며, 물ㆍ요소ㆍ나트륨ㆍ포도당 등과 같이 작은 물질들은 사구체막을 통과시켜 보먼주머니를 통해 세뇨관으로 나가게 한다. 이 과정을 ‘사구체 여과’라고 한다.\n 사구체 여과가 발생하기 위해서는 사구체로 들어온 혈액을 사 구체막 바깥쪽으로 밀어 주는 힘이 필요한데, 이 힘은 주로 들세 동맥과 날세동맥의 직경 차이에서 비롯된다. 사구체로 혈액이 들 어가는 들세동맥의 직경보다 사구체로부터 혈액이 나오는 날세 동맥의 직경이 작다. 이에 따라 사구체로 유입되는 혈류량보다 나가는 혈류량이 적기 때문에 자연히 사구체의 모세 혈관에는 다른 신체 기관의 모세 혈관보다 높은 혈압이 ⓑ(발생)하고, 이 혈압으로 인해 사구체의 모세 혈관에서 사구체 여과가 이루어진 다. ㉠(사구체의 혈압은 동맥의 혈압에 따라 변화가 일어날 수 있지만 생명 유지를 위해 일정하게 유지된다.)\n 사구체막은 사구체 여과가 발생하기 위해 적절한 구조를 갖추 고 있다. 사구체막은 모세 혈관 벽과 기저막, 보먼주머니 내층으 로 이루어진다. 모세 혈관 벽은 편평한 내피세포 한 층으로 이루 어져 있다. 이 내피세포들에는 구멍이 있으며 내피세포들 사이에 도 구멍이 있다. 이 때문에 사구체의 모세 혈관은 다른 신체 기 관의 모세 혈관에 비해 동일한 혈압으로도 100배 정도 높은 투 과성을 보인다. 기저막은 내피세포와 보먼주머니 내층 사이의 비 세포성 젤라틴 층으로, 콜라겐과 당단백질로 구성된다. 콜라겐은 구조적 강도를 높이고, 당단백질은 내피세포의 구멍을 통과할 수 있는 알부민과 같이 작은 단백질들의 여과를 ⓒ (억제)한다. 이는 알부민을 비롯한 작은 단백질들이 음전하를 띠는데 당단백질 역 시 음전하를 띠기 때문에 가능한 것이다. 보먼주머니 내층은 문 어처럼 생긴 발세포로 이루어지는데, 각각의 발세포에서는 돌기 가 나와 기저막을 감싸고 있다. 돌기 사이의 좁은 틈을 따라 여 과액이 빠져나오면 보먼주머니 내강에 ⓓ(도달)하게 된다.\n 한편 사구체막을 사이에 두고 사구체 여과를 억제하는 압력이 발생한다. 혈액 속 대부분의 단백질들은 여과되지 않기 때문에 사구체의 모세 혈관 내에는 존재하고 보먼주머니 내강에는 거의 존재하지 않는다. 따라서 보먼주머니 내강보다 사구체의 모세 혈 관의 단백질 농도가 높다. 그 결과 보먼주머니 내강의 물이 사구 체의 모세 혈관 쪽으로 이동하려는 삼투압이 발생하게 된다. 이 를 ‘혈장 교질 삼투압’이라고 한다. 그리고 보먼주머니 내강에 도 달한 여과액에 의해 ‘보먼주머니 수압’이 발생한다. 이 압력은 보 먼주머니 쪽에서 사구체의 모세 혈관 쪽으로 작용하기 때문에 여과를 방해한다. 결과적으로 여과를 발생시키는 압력과 억제하 는 압력의 차이가 ‘실제 여과압’이 된다.\n 질환이 있지 않은 정상 상태에서는 혈장 교질 삼투압과 보먼 주머니 수압이 크게 변하지 않는다. 그러나 사구체의 혈압은 동 맥의 혈압에 따라 증가하거나 감소할 수 있다. 이 같은 변동은 생명 유지에 ⓔ(적합)하지 않기 때문에 자가 조절 기능에 의해 관 리된다. 즉 콩팥은 심장의 수축에 의해 발생하는 혈압에 변동이 생기더라도 제한된 범위 내에서 사구체로 유입되는 혈류량을 일 정하게 유지한다. 자가 조절은 주로 들세동맥의 직경을 조절함으로써 가능하다.','인체생리학',NULL,NULL,0,NULL,0,'2024-04-24 11:38:54',NULL,NULL,0),(21,1,'EPIGRAPHY','통화 정책은 중앙은행이 물가 안정과 같은 경제적 목적의 달성을 위해 이자율이나 통화량을 조절하는 것이다. 대표적인 통화 정책 수단인 ‘공개 시장 운영’은 중앙은행이 민간 금융 기관을 상대로 채권을 매매해 금융 시장의 이자율을 정책적으로 결정한 기준 금리 수준으로 접근시키는 것이다. 중앙은행이 채권을 매수하면 이자율은 하락하고, 채권을 매도하면 이자율은 상승 한다. 이자율이 하락하면 소비와 투자가 확대되어 경기가 활성화 되고 물가 상승률이 오르며, 이자율이 상승하면 경기가 위축되고 물가 상승률이 떨어진다. 이와 같이 공개 시장 운영의 영향은 경제 전반에 ⓐ (파급)된다.\n 중앙은행의 통화 정책이 의도한 효과를 얻기 위한 요건 중 에는 ‘선제성’과 ‘정책 신뢰성’이 있다. 먼저 통화 정책이 선제 적이라는 것은 중앙은행이 경제 변동을 예측해 이에 미리 대 처한다는 것이다. 기준 금리를 결정하고 공개 시장 운영을 실 시하여 그 효과가 실제로 나타날 때까지는 시차가 발생하는데 이를 ‘정책 외부 시차’라 하며, 이 때문에 선제성이 문제가 된 다. 예를 들어 중앙은행이 경기 침체 국면에 들어서야 비로소 기준 금리를 인하한다면, 정책 외부 시차로 인해 경제가 스스 로 침체 국면을 벗어난 다음에야 정책 효과가 ⓑ (발현)될 수도 있다. 이 경우 경기 과열과 같은 부작용이 ⓒ (수반)될 수 있다. 따라서 중앙은행은 통화 정책을 선제적으로 운용하는 것이 바람직하다.\n 또한 통화 정책은 민간의 신뢰가 없이는 성공을 거둘 수 없 다. 따라서 중앙은행은 정책 신뢰성이 손상되지 않게 ⓓ (유의) 해야 한다. 그런데 어떻게 통화 정책이 민간의 신뢰를 얻을 수 있는지에 대해서는 견해 차이가 있다. 경제학자 프리드먼은 중 앙은행이 특정한 정책 목표나 운용 방식을 ‘준칙’으로 삼아 민 간에 약속하고 어떤 상황에서도 이를 지키는 ㉠ (‘준칙주의’)를 주장한다. 가령 중앙은행이 물가 상승률 목표치를 민간에 약속 했다고 하자. 민간이 이 약속을 신뢰하면 물가 불안 심리가 진정된다. 그런데 물가가 일단 안정되고 나면 중앙은행으로서 는 이제 경기를 ⓔ 부양하는 것도 고려해 볼 수 있다. 문제는 민간이 이 비일관성을 인지하면 중앙은행에 대한 신뢰가 훼손 된다는 점이다. 준칙주의자들은 이런 경우에 중앙은행이 애초의 약속을 일관되게 지키는 편이 바람직하다고 주장한다.\n 그러나 민간이 사후적인 결과만으로는 중앙은행이 준칙을 지키려 했는지 판단하기 어렵고, 중앙은행에 준칙을 지킬 것을 강제할 수 없는 것도 사실이다. 준칙주의와 대비되는 ㉡ (‘재량주의’)에 서는 경제 여건 변화에 따른 신축적인 정책 대응을 지지하며 준칙주의의 엄격한 실천은 현실적으로 어렵다고 본다. 아울러 준칙주의가 최선인지에 대해서도 물음을 던진다. 예상보다 큰 경제 변동이 있으면 사전에 정해 둔 준칙이 장애물이 될 수 있기 때문이다. 정책 신뢰성은 중요하지만, 이를 위해 중앙은행이 반드시 준칙에 얽매일 필요는 없다는 것이다.','통화 정책',NULL,NULL,0,NULL,0,'2024-04-24 11:38:54',NULL,NULL,0),(22,1,'EPIGRAPHY','DNS(도메인 네임 시스템) 스푸핑은 인터넷 사용자가 어떤 사이트에 접속하려 할 때 사용자를 위조 사이트로 접속시키는 행위를 말한다. 이는 도메인 네임을 IP 주소로 변환해 주는 과 정에서 이루어진다.\n 인터넷에 연결된 컴퓨터들이 서로를 식별하고 통신하기 위 해서 각 컴퓨터들은 IP(인터넷 프로토콜)에 따라 ㉠ (만들어지는) 고유 IP 주소를 가져야 한다. 프로토콜은 컴퓨터들이 연결되어 서로 데이터를 주고받기 위해 사용하는 통신 규약으로 소프트 웨어나 하드웨어로 구현된다. 현재 주로 사용하는 IP 주소는 ‘****.126.63.1’처럼 점으로 구분된 4개의 필드에 숫자를 사용 하여 ㉡ (나타낸다.) 이 주소를 중복 지정하거나 임의로 지정해 서는 안 되고 공인 IP 주소를 부여받아야 한다.\n 공인 IP 주소에는 동일한 번호를 지속적으로 사용하는 고정 IP 주소와 번호가 변경되기도 하는 유동 IP 주소가 있다. 유동 IP 주소는 DHCP라는 프로토콜에 의해 부여된다. DHCP는 IP 주소가 필요한 컴퓨터의 요청을 받아 주소를 할당해 주고, 컴 퓨터가 IP 주소를 사용하지 않으면 주소를 반환받아 다른 컴 퓨터가 그 주소를 사용할 수 있도록 해 준다. 한편, 인터넷에 직접 접속은 안 되고 내부 네트워크에서만 서로를 식별할 수 있는 사설 IP 주소도 있다.\n 인터넷은 공인 IP 주소를 기반으로 동작하지만 우리가 인터넷을 사용할 때는 IP 주소 대신 사용하기 쉽게 ‘www..***’ 등과 같이 문자로 ㉢(이루어진) 도메인 네임을 이용한다. 따라서 도메인 네임을 IP 주소로 변환해 주는 DNS가 필요하며 DNS를 운영 하는 장치를 네임서버라고 한다. 컴퓨터에는 네임서버의 IP 주소가 기록되어 있어야 하는데, 유동 IP 주소를 할당받는 컴퓨터에는 IP 주소를 받을 때 네임서버의 IP 주소가 자동으로 기록되지만, 고정 IP 주소를 사용하는 컴퓨터에는 사용자가 네임서버의 IP 주소를 직접 기록해 놓아야 한다. 인터넷 통신사는 가입자들이 공동으로 사용할 수 있는 네임서버를 운영하고 있다.\n ㉮ (사용자가 어떤 사이트에 정상적으로 접속하는 과정)을 살 펴보자. 웹 사이트에 접속하려고 하는 컴퓨터를 클라이언트라 한다. 사용자가 방문하고자 하는 사이트의 도메인 네임을 주소 창에 직접 입력하거나 포털 사이트에서 그 사이트를 검색해 클릭하면 클라이언트는 기록되어 있는 네임서버에 도메인 네 임에 해당하는 IP 주소를 물어보는 질의 패킷을 보낸다. 네임 서버는 해당 IP 주소가 자신의 목록에 있으면 클라이언트에 이 IP 주소를 알려 주는 응답 패킷을 보낸다. 응답 패킷에는 어느 질의 패킷에 대한 응답인지가 적혀 있다. 만일 해당 IP 주소가 목록에 없으면 네임서버는 다른 네임서버의 IP 주소를 알려 주는 응답 패킷을 보내고, 클라이언트는 다시 그 네임서 버에 질의 패킷을 보내는 단계로 돌아가 같은 과정을 반복한다. 클라이언트는 이렇게 ㉣ (알아낸) IP 주소로 사이트를 찾아간다. 네임서버와 클라이언트는 UDP라는 프로토콜에 ㉤ (맞추어) 패 킷을 주고받는다. UDP는 패킷의 빠른 전송 속도를 확보하기 위해 상대에게 패킷을 보내기만 할 뿐 도착 여부는 확인하지 않으며, 특정 질의 패킷에 대해 처음 도착한 응답 패킷을 신뢰 하고 다음에 도착한 패킷은 확인하지 않고 버린다. DNS 스푸핑은 UDP의 이런 허점들을 이용한다. 이 문제지에 관한 저작권은 한국교육과정평가원에 있습니다.\n ㉯ (DNS 스푸핑이 이루어지는 과정)을 알아보자. 악성 코드에 감염되어 DNS 스푸핑을 행하는 컴퓨터를 공격자라 한다. 클 라이언트가 네임서버에 특정 IP 주소를 묻는 질의 패킷을 보 낼 때, 공격자에도 패킷이 전달되고 공격자는 위조 사이트의 IP 주소가 적힌 응답 패킷을 클라이언트에 보낸다. 공격자가 보낸 응답 패킷이 네임서버가 보낸 응답 패킷보다 클라이언트 에 먼저 도착하고 클라이언트는 공격자가 보낸 응답 패킷을 옳은 패킷으로 인식하여 위조 사이트로 연결된다.','DNS 스푸핑이 이루어지는 과정',NULL,NULL,0,NULL,0,'2024-04-24 11:38:54',NULL,NULL,0),(23,1,'EPIGRAPHY','두 명제가 모두 참인 것도 모두 거짓인 것도 가능하지 않은 관계를 모순 관계라고 한다. 예를 들어, 임의의 명제를 P라고 하면 P와 ～P는 모순 관계이다.(기호 ‘～’은 부정을 나타낸다.) P와 ～P가 모두 참인 것은 가능하지 않다는 법칙을 무모순율 이라고 한다. 그런데 “㉠(다보탑은 경주에 있다.)”와 “㉡(다보탑은 개성에 있을 수도 있었다.)”는 모순 관계가 아니다. 현실과 다르게 다보탑을 경주가 아닌 곳에 세웠다면 다보탑의 소재지는 지 금과 달라졌을 것이다. 철학자들은 이를 두고, P와 ～P가 모두 참인 혹은 모두 거짓인 가능세계는 없지만 다보탑이 개성에 있는 가능세계는 있다고 표현한다.\n ‘가능세계’의 개념은 일상 언어에서 흔히 쓰이는 필연성과 가능 성에 관한 진술을 분석하는 데 중요한 역할을 한다. ‘P는 가능 하다’는 P가 적어도 하나의 가능세계에서 성립한다는 뜻이며, ‘P는 필연적이다’는 P가 모든 가능세계에서 성립한다는 뜻이다. “만약 Q이면 Q이다.”를 비롯한 필연적인 명제들은 모든 가능 세계에서 성립한다. “다보탑은 경주에 있다.”와 같이 가능하지만 필연적이지는 않은 명제는 우리의 현실세계를 비롯한 어떤 가능 세계에서는 성립하고 또 어떤 가능세계에서는 성립하지 않는다.\n 가능세계를 통한 담론은 우리의 일상적인 몇몇 표현들을 보다 잘 이해하는 데 도움이 된다. 다음 상황을 생각해 보자. 나는 현실에서 아침 8시에 출발하는 기차를 놓쳤고, 지각을 했으며, 내가 놓친 기차는 제시간에 목적지에 도착했다. 그리고 나는 “만약 내가 8시 기차를 탔다면, 나는 지각을 하지 않았다.”라고 주장한다. 그런데 전통 논리학에서는 “만약 A이면 B이다.”라는 형식의 명제는 A가 거짓인 경우에는 B의 참 거짓에 상관없이 참이라고 규정한다. 그럼에도 ⓐ (내가 만약 그 기차를 탔다면 여전히 지각을 했을 것이라고 주장하지는 않는 이유는 무엇일 까?) 내가 그 기차를 탄 가능세계들을 생각해 보면 그 이유를 알 수 있다. 그 가능세계 중 어떤 세계에서 나는 여전히 지각 을 한다. 가령 내가 탄 그 기차가 고장으로 선로에 멈춰 운행이 오랫동안 지연된 세계가 그런 예이다. 하지만 내가 기차를 탄 세계들 중에서, 내가 기차를 타고 별다른 이변 없이 제시간에 도착한 세계가 그렇지 않은 세계보다 우리의 현실세계와의 유 사성이 더 높다. 일반적으로, A가 참인 가능세계들 중에 비교 할 때, B도 참인 가능세계가 B가 거짓인 가능세계보다 현실세 계와 더 유사하다면, 현실세계의 나는 A가 실현되지 않은 경우 에, 만약 A라면 ～B가 아닌 B이라고 말할 수 있다.\n 가능세계는 다음의 네 가지 성질을 갖는다. 첫째는 가능세계의 일관성이다. 가능세계는 명칭 그대로 가능한 세계이므로 어떤 것이 가능하지 않다면 그것이 성립하는 가능세계는 없다. 둘째는 가능세계의 포괄성이다. 이것은 어떤 것이 가능하다면 그것이 성립하는 가능세계는 존재한다는 것이다. 셋째는 가능세계의 완결성이다. 어느 세계에서든 임의의 명제 P에 대해 “P이거나 ～P이다.”라는 배중률이 성립한다. 즉 P와 ～P 중 하나는 반드 시 참이라는 것이다. 넷째는 가능세계의 독립성이다. 한 가능세 계는 모든 시간과 공간을 포함해야만 하며, 연속된 시간과 공간 에 포함된 존재들은 모두 동일한 하나의 세계에만 속한다. 이 문제지에 관한 저작권은 한국교육과정평가원에 있습니다. 한 가능세계 W1의 시간과 공간이, 다른 가능세계 W2의 시간과 공간으로 이어질 수는 없다. W1과 W2는 서로 시간과 공간이 전혀 다른 세계이다.\n 가능세계의 개념은 철학에서 갖가지 흥미로운 질문과 통찰을 이끌어 내며, 그에 관한 연구 역시 활발히 진행되고 있다. 나아가 가능세계를 활용한 논의는 오늘날 인지 과학, 언어학, 공학 등의 분야로 그 응용의 폭을 넓히고 있다.','가능세계의 개념과 성질',NULL,NULL,0,NULL,0,'2024-04-24 11:38:54',NULL,NULL,0),(24,1,'EPIGRAPHY','16세기 전반에 서양에서 태양 중심설을 지구 중심설의 대안으로 제시하며 시작된 천문학 분야의 개혁은 경험주의의 확산과 수리 과학의 발전을 통해 형이상학을 뒤바꾸는 변혁으로 이어졌 다. (서양의 우주론) 이 전파되자 중국에서는 중국과 서양의 우주 론을 회통하려는 시도가 전개되었고, 이 과정에서 자신의 지적 유산에 대한 관심이 제고되었다.\n 복잡한 문제를 단순화하여 푸는 수학적 전통을 이어받은 코페 르니쿠스는 천체의 운행을 단순하게 기술할 방법을 찾고자 하 였고, 그것이 ⓐ(일으킬) 형이상학적 문제에는 별 관심이 없었다. 고대의 아리스토텔레스와 프톨레마이오스는 우주의 중심에 고정 되어 움직이지 않는 지구의 주위를 달, 태양, 다른 행성들의 천구 들과, 항성들이 붙어 있는 항성 천구가 회전한다는 지구 중심설 을 내세웠다. 그와 달리 코페르니쿠스는 태양을 우주의 중심에 고정하고 그 주위를 지구를 비롯한 행성들이 공전하며 지구가 자전하는 우주 모형을 ⓑ (만들었다). 그러자 프톨레마이오스보다 훨씬 적은 수의 원으로 행성들의 가시적인 운동을 설명할 수 있었고 행성이 태양에서 멀수록 공전 주기가 길어진다는 점에서 단순성이 충족되었다. 그러나 아리스토텔레스의 형이상학을 고수 하는 다수 지식인과 종교 지도자들은 그의 이론을 받아들이려 하지 않았다. 왜냐하면 그것은 지상계와 천상계를 대립시키는 아리스토텔레스의 이분법적 구도를 무너뜨리고, 신의 형상을 ⓒ (지닌) 인간을 한갓 행성의 거주자로 전락시키는 것으로 여겨 졌기 때문이다.\n 16세기 후반에 브라헤는 코페르니쿠스 천문학의 장점은 인정 하면서도 아리스토텔레스 형이상학과의 상충을 피하고자 우주의 중심에 지구가 고정되어 있고, 달과 태양과 항성들은 지구 주위 를 공전하며, 지구 외의 행성들은 태양 주위를 공전하는 모형을 제안하였다. 그러나 케플러는 우주의 수적 질서를 신봉하는 형이상학인 신플라톤주의에 매료되었기 때문에, 태양을 우주 중 심에 배치하여 단순성을 추구한 코페르니쿠스의 천문학을 받아들 였다. 하지만 그는 경험주의자였기에 브라헤의 천체 관측치를 활용하여 태양 주위를 공전하는 행성의 운동 법칙들을 수립할 수 있었다. 우주의 단순성을 새롭게 보여 주는 이 법칙들은 아리스 토텔레스 형이상학을 더 이상 온존할 수 없게 만들었다.\n 17세기 후반에 뉴턴은 태양 중심설을 역학적으로 정당화 하였다. 그는 만유인력 가설로부터 케플러의 행성 운동 법칙들 을 성공적으로 연역했다. 이때 가정된 만유인력은 두 질점* 이 서로 당기는 힘으로, 그 크기는 두 질점의 질량의 곱에 비례 하고 거리의 제곱에 반비례한다. 지구를 포함하는 천체들이 밀도가 균질하거나 구 대칭* 을 이루는 구라면 천체가 그 천체 밖 어떤 질점을 당기는 만유인력은, 그 천체를 잘게 나눈 부피 요소들 각각이 그 천체 밖 어떤 질점을 당기는 만유인력을 모두 더하여 구할 수 있다. 또한 여기에서 지구 보다 질량이 큰 태양과 지구가 서로 당기는 만유인력이 서로 같음을 증명할 수 있다. 뉴턴은 이 원리를 적용하여 달의 공전 궤도와 사과의 낙하 운동 등에 관한 실측값을 연역함 으로써 만유인력의 실재를 입증하였다.\n 16세기 말부터 중국에 본격 유입된 서양 과학은, 청 왕조가 1644년 중국의 역법을 기반으로 서양 천문학 모델과 계산 법을 수용한 시헌력을 공식 채택함에 따라 그 위상이 구체화되었다. 브라헤와 케플러의 천문 이론을 차례대로 수용하여 정확도를 높인 시헌력이 생활 리듬으로 자리 잡았지만, 중국 지식인들은 서양 과학이 중국의 지적 유산에 적절히 연결되지 않으면 아무리 효율적이더라도 불온한 요소로 ⓓ (여겼다). 이에 따라 서양 과학 에 매료된 학자들도 어떤 방식으로든 ㉠ (서양 과학과 중국 전통 사이의 적절한 관계 맺음)을 통해 이 문제를 해결하고자 하였다.\n 17세기 웅명우와 방이지 등은 중국 고대 문헌에 수록된 우주 론에 대해서는 부정적 태도를 견지하면서 성리학적 기론에 입각하여 실증적인 서양 과학을 재해석한 독창적 이론을 제시 하였다. 수성과 금성이 태양 주위를 회전한다는 그들의 태양계 학설은 브라헤의 영향이었지만, 태양의 크기에 대한 서양 천문학 이론에 의문을 제기하고 기와 빛을 결부하여 제시한 광학 이론은 그들이 창안한 것이었다.\n 17세기 후반 왕석천과 매문정은 서양 과학의 영향을 받아 경험적 추론과 수학적 계산을 통해 우주의 원리를 파악하고자 하였다. 그러면서 서양 과학의 우수한 면은 모두 중국 고전에 이미 ⓔ (갖추어져) 있던 것인데 웅명우 등이 이를 깨닫지 못한 채 성리학 같은 형이상학에 몰두했다고 비판했다. 매문정은 고대 문헌에 언급된, 하늘이 땅의 네 모퉁이를 가릴 수 없을 것이라는 증자의 말을 땅이 둥글다는 서양 이론과 연결하는 등 서양 과학 의 중국 기원론을 뒷받침하였다.\n 중국 천문학을 중심으로 서양 천문학을 회통하려는 매문정의 입장은 18세기 초를 기점으로 중국의 공식 입장으로 채택되었으며, 이 입장은 중국의 역대 지식 성과물을 망라한 총서인 사고전서에 그대로 반영되었다. 이 총서의 편집자들은 고대부터 당시까지 쏟아진 천문 관련 문헌들을 정리하여 수록하였다. 이와 같이 고대 문헌에 담긴 우주론을 재해석하고 확인하려는 경향은 19세기 중엽까지 주를 이루었다','서양과 동양의 천문 이론',NULL,NULL,0,NULL,0,'2024-04-24 11:44:58',NULL,NULL,0),(25,1,'EPIGRAPHY','안녕하세요? 이번 탐구 과제는 ‘우리 문화재 깊이 보기’인데요, 저는 ‘고구려 고분 벽화’에 대해 발표하려고 합니다. 여러분은 고구려 고분 벽화를 본 적이 있나요? (청중의 대답을 듣고) 생각 보다 많지 않네요. 우리나라 고분 벽화의 대다수는 고구려 돌방 무덤에 있습니다. 돌방무덤은 돌을 쌓아 방처럼 만든 무덤으로 3세기부터 만들어졌는데요, 바로 이 시기에 고분 벽화가 그려 지기 시작했습니다. (㉠자료 제시) 여기가 돌방무덤의 내부입니다. 고분 벽화는 이곳의 천장과 벽에 그려져 있어요.\n 그럼 고구려 고분 벽화에는 무엇을 그렸을까요? (청중의 반응을 살피고) 네, 다양한 답변이 있네요. 3세기 중반부터 5세기 초에는 밥 먹는 모습, 사냥하는 모습 등 무덤 주인의 일상생활을 주로 그렸습니다. (㉡자료 제시) 이것은 주인과 종의 모습입니다. 여기 에서 주목할 점은 주인을 종에 비해 크게 그린 건데요, 이렇게 주가 되는 것을 크게, 나머지는 작게 그리는 방법을 ‘주대종소법’ 이라고 합니다. 보시는 것처럼 고분 벽화에서는 이 방법을 활용 하여, 무덤 주인의 권위를 강조하고 그의 풍요로운 삶이 사후 세계에서도 이어지길 바라는 마음을 담아냈습니다.\n 5세기 중반부터 6세기 초의 고분 벽화에는 연꽃무늬가 주로 등장합니다. 이때는 불교가 확산되는 시기로, 무덤 주인이 이상 세계에 다시 태어나길 바라는 마음을 연꽃을 통해 표현했습니다. 6세기 중반부터 7세기 전반의 일부 고분에는 연꽃 위에 도교 사상과 관련된 신선을 그렸는데요, (㉢자료 제시) 이것은 불교와 도교 사상이 공존하던 당시의 상황이 반영된 것이라 할 수 있 습니다. 한편 이 시기 대다수의 고분 벽화에는 도교의 영향으로 청룡, 백호 등과 같은 사신(四神)을 주로 그렸습니다. 사신이 무덤 주인을 수호해 준다고 여겼기 때문입니다.\n 당대의 인식과 사회상을 담아낸 고분 벽화의 전통은 조선 전기 까지 이어졌습니다. 고구려 고분 벽화는 선조들의 삶의 모습을 보여 준다는 점에서 역사 자료로서의 가치를 지니고 있습니다. 이상 으로 발표를 마치겠습니다.','고구려 고분 벽화',NULL,NULL,0,NULL,0,'2024-04-24 11:46:07',NULL,NULL,0),(26,1,'EPIGRAPHY','우리는 단어의 의미와 유래를 통해 단어에 담긴 언중의 인식과 더불어 시대상을 짐작할 수 있다. 그리고 단어의 구조를 통해 단어 구성 방식도 이해할 수 있다.\n 유길준의 서유견문(1895)에는 ‘원어기’라는 말이 등장 하는데, 이것은 영어의 ‘telephone’에 해당하는 단어로 ‘말을 멀리 보내는 기계’라는 뜻이다. 오늘날의 ‘전화기’가 ‘전기를 통해 말을 보내는 기계’의 뜻이라는 점과 비교해 보면 ‘원어기’는 말을 ‘멀리’ 보낸다는 점에, ‘전화기’는 말을 ‘전기로’ 보낸다는 점에 초점을 맞춘 단어이다. 이처럼 대상을 어떻게 인식하느냐에 따라 그것을 표현하는 단어는 달라지기도 한다. 또한 개화기 사전에 등장하는 ‘소졋메쥬(소젖메주)’처럼 새롭게 유입된 대상을 일상의 단어로 표현한 경우도 있다. ‘소졋메쥬’는 ‘치즈(cheese)’에 대응하는 단어인데, 간장과 된장의 재료인 ‘메주’라는 일상의 단어를 통해 대상을 인식했음을 보여 준다.\n 한편, 가례언해(1632)에 따르면 ‘총각’은 ‘머리를 땋아 갈라서 틀어 맴’을 이르는 말이었으나 그러한 의미는 사라지고 오늘날에는 ‘결혼하지 않은 성년 남자’를 뜻한다. 특정한 행위를 나타내던 단어가 이와 관련된 사람을 지시하는 말로 그 의미가 변화한 것이다. 여기에서 남자도 머리를 땋아 묶었던 과거의 관습을 짐작할 수 있다. 또한 ‘부대찌개’ 역시 한국 전쟁 이후 미군 부대에서 나온 재료로 찌개를 끓였던 것에서 유래한 단어 라는 점에서 시대의 흔적을 담고 있다.\n 우리는 단어의 구조를 통해 단어가 구성되는 방식도 파악할 수 있다. 한불자전(1880)에는 이전 시기의 문헌에서는 볼 수 없었던 ‘두길보기’와 ‘산돌이’가 등장한다. “양쪽 모두의 눈치를 보는 사람”으로 풀이된 ‘두길보기’의 ‘두길’은 ㉠ 관형사가 후행 하는 명사를 수식하는 것으로 분석된다. “같은 장소를 일 년에 한 번만 지나가는 큰 호랑이”로 풀이된 ‘산돌이’는 ㉡단어의 구성 요소들이 의미상 목적어와 서술어의 관계로 이루어져 ‘산을 돌다’ 라는 의미를 나타내고 있다. 이와 같이 예전에도 오늘날처럼 다양한 방식으로 단어를 만들어 생각을 표현하고 있었던 셈이다.','단어의 구조',NULL,NULL,0,NULL,0,'2024-04-24 11:46:19',NULL,NULL,0),(27,1,'EPIGRAPHY','(가) 18세기 북학파들은 청에 다녀온 경험을 연행록으로 기록하여 청의 문물제도를 수용하자는 북학론을 구체화하였다. 이들은 개인적인 학문 성향과 관심에 따라 주목한 영역이 서로 달랐기 때문에 이들의 북학론도 차이를 보였다. 이들에게는 동아시아 에서 문명의 척도로 여겨진 중화 관념이 청의 현실에 대한 인식에 각각 다르게 반영된 것이다. 1778년 함께 연행길에 올라 동일한 일정을 소화했던 박제가와 이덕무의 연행록에서도 이러한 차이가 확인된다.\n 북학이라는 목적의식이 강했던 박제가가 인식한 청의 현실은 단순한 현실이 아니라 조선이 지향할 가치 기준이었다. 그가 쓴 북학의에 묘사된 청의 현실은 특정 관점에 따라 선택 및 추상화된 것이었으며, 그런 청의 현실은 그에게 중화가 손상 없이 ⓐ보존된 것이자 조선의 발전 방향이기도 하였다. 중화 관념의 절대성을 인정하였기 때문에 당시 조선은 나름의 독자성을 유지하기보다 중화와 합치되는 방향으로 나아가야 한다는 생각이 그의 북학론의 밑바탕이 되었다. 명에 대한 의리를 중시하는 당시 주류의 견해에 대해 그는 의리 문제는 청이 천하를 차지한 지 백여 년이 지나며 자연스럽게 소멸된 것으로 여기고, 청 문물제도의 수용이 가져다주는 이익을 논하며 북학론의 당위성을 설파하였다. 대체로 이익 추구에 대해 부정적이었던 주자학자들과 달리, 이익 추구를 인간의 자연스러운 욕망으로 긍정하고 양반도 이익을 추구하자는 등 실용적인 입장을 보였다.\n 이덕무는 입연기 를 저술하면서 청의 현실을 객관적 태도로 기록하고자 하였다. 잘 정비된 마을의 모습을 기술하며 그는 황제의 행차에 대비하여 이루어진 일련의 조치가 민생과 무관 하다고 지적하였다. 하지만 청 문물의 효용을 ⓑ도외시하지 않고 박제가와 마찬가지로 물질적 삶을 중시하는 이용후생에 관심을 보였다. 스스로 평등견 이라 불렀던 인식 태도를 바탕으로 그는 당시 청에 대한 찬반의 이분법에서 벗어나 청과 조선의 현실적 차이뿐만 아니라 양쪽 모두의 가치를 인정하였다. 이런 시각에서 그는 청과 조선은 구분되지만 서로 배타적이지 않다고 보았다. 즉 청을 배우는 것과 조선 사람이 조선 풍토에 맞게 살아가는 것은 서로 모순되지 않는다는 것이다. 하지만 그는 중국인들의 외양이 만주족처럼 변화된 것을 보고 비통한 감정을 토로하며 중화의 중심이라 여겼던 명에 대한 의리를 중시하는 등 자신이 제시한 인식 태도에서 벗어나는 모습을 보이기도 하였다.\n (나) 18세기 후반의 중국은 명대 이래의 경제 발전이 정점에 달해 있었다. 대부분의 주민들이 접근할 수 있는 향촌의 정기 시장부터 인구 100만의 대도시의 시장에 이르는 여러 단계의 시장들이 그물처럼 연결되어 국내 교역이 활발하게 이루어지고 있었다. 장거리 교역의 상품이 사치품에 ⓒ 한정되지 않고 일상적 물건 으로까지 확대되었다. 상인 조직의 발전과 신용 기관의 확대는 교역의 질과 양이 급변하고 있었음을 보여 준다. 대외 무역의  발전과 은의 유입은 중국의 경제적 번영에 영향을 미친 외부적 요인이었다. 은의 유입, 그리고 이를 통해 가능해진 은을 매개로 한 과세는 상품 경제의 발전을 ⓓ자극하였다. 은과 상품의 세계적 순환으로 중국 경제가 세계 경제와 긴밀하게 연결되었다.\n 그러나 청의 번영은 지속되지 않았고, 19세기에 접어들 무렵 부터는 심각한 내외의 위기에 직면해 급속한 하락의 시대를 겪게 된다. 북학파들이 연행을 했던 18세기 후반에도 이미 위기의 징후 들이 나타나고 있었다. 급격한 인구 증가로 인한 여러 문제는 새로운 작물 재배, 개간, 이주, 농경 집약화 등 민간의 노력에도 불구하고 해결되지 않았다. 인구 증가로 이주 및 도시화가 진행 되는 가운데 전통적인 사회적 유대가 약화되거나 단절된 사람들이 상호 부조 관계를 맺는 결사 조직이 ⓔ 성행하였다. 이런 결사 조직은 불법적인 활동으로 연결되곤 했고 위기 상황에서는 반란의 조직적 기반이 되었다. 인맥에 기초한 관료 사회의 부정부패가 심화된 것 역시 인구 증가와 무관하지 않았다. 교육받은 지식인 들이 늘어났지만 이들을 흡수할 수 있는 관료 조직의 규모는 정체 되어 있었고, 경쟁의 심화가 종종 불법적인 행위로 연결되었다. 이와 같이 18세기 후반 청의 화려한 번영의 그늘에는 ㉠심각한 위기의 씨앗들이 뿌려지고 있었다.\n 통치자들도 번영 속에서 불안을 느끼고 있었다. 조정에는 외국 과의 접촉으로부터 백성들을 차단하려는 경향이 있었으며, 서양 선교사들의 선교 활동 확대로 인해 이런 경향이 강화되기도 하였다. 이 때문에 18세기 후반에 청 조정은 서양에 대한 무역 개방을 축소하는 모습을 보였다. 그러나 그때까지는 위기가 본격화되지는 않았고, 소수의 지식인들만이 사회 변화의 부정적 측면을 염려 하거나 개혁 방안을 모색하였다.\n','볼펜이 사람들에게 널리 사용되는 이유',NULL,NULL,0,NULL,0,'2024-04-24 11:46:22',NULL,NULL,0),(28,1,'EPIGRAPHY','최근의 3D 애니메이션은 섬세한 입체 영상을 구현하여 실물을 촬영한 것 같은 느낌을 준다. 실물을 촬영하여 얻은 자연 영상을 그대로 화면에 표시할 때와 달리 3D 합성 영상을 생성, 출력하기 위해서는 모델링과 렌더링을 거쳐야 한다.\n 모델링 은 3차원 가상 공간에서 물체의 모양과 크기, 공간적인 위치, 표면 특성 등과 관련된 고유의 값을 설정하거나 수정하는 단계이다. 모양과 크기를 설정할 때 주로 3개의 정점으로 형성 되는 삼각형을 활용한다. 작은 삼각형의 조합으로 이루어진 그물과 같은 형태로 물체 표면을 표현하는 방식이다. 이 방법으로 복잡한 굴곡이 있는 표면도 정밀하게 표현할 수 있다. 이때 삼각형의 꼭짓점들은 물체의 모양과 크기를 결정하는 정점이 되는데, 이 정점들의 개수는 물체가 변형되어도 변하지 않으며, 정점들의 상대적 위치는 물체 고유의 모양이 변하지 않는 한 달라지지 않는다. 물체가 커지거나 작아지는 경우에는 정점 사이의 간격이 넓어지거나 좁아지고, 물체가 회전하거나 이동하는 경우에는 정점들이 간격을 유지하면서 회전축을 중심으로 회전하거나 동일 방향으로 동일 거리만큼 이동한다. 물체 표면을 구성하는 각 삼각형 면에는 고유의 색과 질감 등을 나타내는 표면 특성이 하나씩 지정된다.\n 공간에서의 입체에 대한 정보인 이 데이터를 활용하여, 물체를 어디에서 바라보는가를 나타내는 관찰 시점을 기준으로 2차원의 화면을 생성하는 것이 렌더링이다. 전체 화면을 잘게 나눈 점이 화소인데, 정해진 개수의 화소로 화면을 표시하고 각 화소별로 밝기나 색상 등을 나타내는 화솟값이 부여된다. 렌더링 단계에서는 화면 안에서 동일 물체라도 멀리 있는 경우는 작게, 가까이 있는 경우는 크게 보이는 원리를 활용하여 화솟값을 지정함으로써 물체의 원근감을 구현한다. 표면 특성을 나타내는 값을 바탕으로, 다른 물체에 가려짐이나 조명에 의해 물체 표면에 생기는 명암, 그림자 등을 고려하여 화솟값을 정해 줌으로써 물체의 입체감을 구현한다. 화면을 구성하는 모든 화소의 화솟값이 결정되면 하나의 프레임이 생성된다. 이를 화면출력장치를 통해 모니터에 표시하면 정지 영상이 완성된다.\n 모델링과 렌더링을 반복하여 생성된 프레임들을 순서대로 표시 하면 동영상이 된다. 프레임을 생성할 때, 모델링과 관련된 계산을 완료한 후 그 결과를 이용하여 렌더링을 위한 계산을 한다. 이때 정점의 개수가 많을수록, 해상도가 높아 출력 화소의 수가 많을 수록 연산 양이 많아져 연산 시간이 길어진다. 컴퓨터의 중앙 처리장치(CPU)는 데이터 연산을 하나씩 순서대로 수행하기 때문에 과도한 양의 데이터가 집중되면 미처 연산되지 못한 데이터가 차례를 기다리는 병목 현상이 생겨 프레임이 완성되는 데 오랜 시간이 걸린다. CPU의 그래픽 처리 능력을 보완하기 위해 개발된 ㉠그래픽처리장치(GPU)는 연산을 비롯한 데이터 처리를 독립적 으로 수행할 수 있는 장치인 코어를 수백에서 수천 개씩 탑재 하고 있다. GPU의 각 코어는 그래픽 연산에 특화된 연산만을 할 수 있고 CPU의 코어에 비해서 저속으로 연산한다. 하지만 GPU는 동일한 연산을 여러 번 수행해야 하는 경우, 고속으로 출력 영상을 생성할 수 있다. 왜냐하면 GPU는 한 번의 연산에 쓰이는 데이터들을 순차적으로 각 코어에 전송한 후, 전체 코어에 하나의 연산 명령어를 전달하면, 각 코어는 모든 데이터를 동시에 연산하여 연산 시간이 짧아지기 때문이다.\n','3D 애니메이션',NULL,NULL,0,NULL,0,'2024-04-24 11:46:26',NULL,NULL,0),(29,1,'EPIGRAPHY','국가, 지방 자치 단체와 같은 행정 주체가 행정 목적을 ⓐ실현 하기 위해 국민의 권리를 제한하거나 국민에게 의무를 부과 하는 ‘행정 규제’는 국회가 제정한 법률에 근거해야 한다. 그러나 국회가 아니라, 대통령을 수반으로 하는 행정부나 지방 자치 단체와 같은 행정 기관이 제정한 법령인 행정입법에 의한 행정 규제의 비중이 커지고 있다. 드론과 관련된 행정 규제 사항들 처럼, 첨단 기술과 관련되거나, 상황 변화에 즉각 대처해야 하거나, 개별적 상황을 ⓑ 반영하여 규제를 달리해야 하는 행정 규제 사항들이 늘어나고 있기 때문이다. 행정 기관은 국회에 비해 이러한 사항들을 다루기에 적합하다.\n 행정입법의 유형에는 위임명령, 행정규칙, 조례 등이 있다. 헌법에 따르면, 국회는 행정 규제 사항에 관한 법률을 제정할 때 특정한 내용에 관한 입법을 행정부에 위임할 수 있다. 이에 따라 제정된 행정입법을 위임명령이라고 한다. 위임명령은 제정 주체에 따라 대통령령, 총리령, 부령으로 나누어진다. 이들은 모두 국민에게 적용되기 때문에 입법예고, 공포 등의 절차를 거쳐야 한다. 위임명령은 입법부인 국회가 자신의 권한의 일부를 행정부에 맡겼기 때문에 정당화될 수 있다. 그래서 특정한 행정 규제의 근거 법률이 위임명령으로 제정할 사항의 범위를 정하지 않은 채 위임하는 포괄적 위임은 헌법상 삼권 분립 원칙에 저촉 된다. 위임된 행정 규제 사항의 대강을 위임 근거 법률의 내용 으로부터 ⓒ 예측할 수 있어야 한다는 것이다. 다만 행정 규제 사항의 첨단 기술 관련성이 클수록 위임 근거 법률이 위임할 수 있는 사항의 범위가 넓어진다. 한편, 위임명령이 법률로부터 위임받은 범위를 벗어나서 제정되거나, 위임 근거 법률이 사용한 어구의 의미를 확대하거나 축소하여 제정되어서는 안 된다. ㉠위임 명령이 이러한 제한을 위반하여 제정되면 효력이 없다.\n 행정규칙 은 원래 행정부의 직제나 사무 처리 절차에 관한 행정입법으로서 고시(告示), 예규 등이 여기에 속한다. 일반 국민 에게는 직접 적용되지 않기 때문에, 법률로부터 위임받지 않아도 유효하게 제정될 수 있고 위임명령 제정 시와 동일한 절차를 거칠 필요가 없다. 그러나 행정 규제 사항에 관하여 행정규칙이 제정되는 예외적인 경우도 있다. 위임된 사항이 첨단 기술과의 관련성이 매우 커서 위임명령으로는 ⓓ 대응하기 어려워 불가 피한 경우, 위임 근거 법률이 행정입법의 제정 주체만 지정하고 행정입법의 유형을 지정하지 않았다면 위임된 사항이 고시나 예규로 제정될 수 있다. 이런 경우의 행정규칙은 위임명령과 달리, 입법예고, 공포 등을 거치지 않고 제정된다.\n 조례는 지방 의회가 제정하는 행정입법으로 지역의 특수성을 반영하여 제정되고 지역에서 발생하는 사안에 대해 적용된다. 제정 주체가 지방 자치 단체의 기관인 지방 의회라는 점에서 행정부에서 제정하는 위임명령, 행정규칙과 ⓔ 구별된다. 조례도 행정 규제 사항을 규정하려면 법률의 위임에 근거해야 한다. 또한 법률로부터 포괄적 위임을 받을 수 있지만 위임 근거 법률이 사용한 어구의 의미를 다르게 사용할 수 없다. 조례는 입법예고, 공포 등의 절차를 거쳐 제정된다.\n','행정',NULL,NULL,0,NULL,0,'2024-04-24 11:46:28',NULL,NULL,0),(30,1,'EPIGRAPHY','질병을 유발하는 병원체에는 세균, 진균, 바이러스 등이 있다. 생명체의 기본 구조에 속하는 세포막은 지질을 주성분으로 하는 이중층이다. 세균과 진균은 일반적으로 세포막 바깥 부분에 세 포벽이 있고, 바이러스의 표면은 세포막 대신 캡시드라고 부르는 단백질로 이루어져 있다. 바이러스의 종류에 따라 캡시드 외부가 지질을 주성분으로 하는 피막으로 덮인 경우도 있다. 한편 진균과 일부 세균은 다른 병원체에 비해 건조, 열, 화학 물질에 저항성이 강한 포자를 만든다.\n 생활 환경에서 병원체의 수를 억제하고 전염병을 예방하기 위한 목적으로 사용하는 방역용 화학 물질을 ‘항(抗)미생물 화학제’라 한다. 항미생물 화학제는 다양한 병원체가 공통으로 갖는 구조를 구성하는 성분들에 화학 작용을 일으키므로 광범위한 살균 효과가 있다. 그러나 병원체의 구조와 성분은 병원체의 종류에 따라 완전히 같지는 않으므로, 동일한 항미생물 화학제라도 그 살균 효과는 다를 수 있다.\n 항미생물 화학제 중 ㉠멸균제는 포자를 포함한 모든 병원체를 파괴한다. ㉡ 감염방지제는 포자를 제외한 병원체를 사멸시키는 화합물로 병원, 공공시설, 가정의 방역에 사용된다. 감염방지제 중 독성이 약해 사람의 피부나 상처 소독에도 사용이 가능한 항미생물 화학제를 ㉢소독제라 한다. 사람의 세포막도 지질 성분 으로 이루어져 있어 소독제라 하더라도 사람의 세포를 죽일 수 있으므로, 눈이나 호흡기 등의 점막에 접촉하지 않도록 주의해야 한다. 따라서 항미생물 화학제는 병원체에 대한 최대의 방역 효과와 인체 및 환경에 대한 최고의 안전성을 확보할 수 있도록 종류별 사용법을 지켜야 한다.\n 항미생물 화학제의 작용기제는 크게 병원체의 표면을 손상 시키는 방식과 병원체 내부에서 대사 기능을 저해하는 방식으로 나눌 수 있지만, 많은 경우 두 기제가 함께 작용한다. 고농도 에탄올 등의 알코올 화합물은 세포막의 기본 성분인 지질을 용해시키고 단백질을 변성시키며, 병원성 세균에서는 세포벽을 약화시킨다. 또한 알코올 화합물은 지질 피막이 없는 바이러스 보다 지질 피막이 있는 병원성 바이러스에서 방역 효과가 크다. 지질 피막은 병원성 바이러스가 사람을 감염시키는 과정에서 중요한 역할을 하기 때문에, 지질을 손상시키는 기능을 가진 항미생물 화학제만으로도 병원성 바이러스에 대한 방역 효과가 있다. 지질 피막의 유무와 관계없이 다양한 바이러스의 감염 예방을 위해서는 하이포염소산 소듐 등의 산화제가 널리 사용 된다. 병원성 바이러스의 방역에 사용되는 산화제는 바이러스의 공통적인 표면 구조를 이루는 캡시드를 손상시키는 기능이 있어 바이러스를 파괴하거나 바이러스의 감염력을 잃게 한다.\n 병원체의 표면에 생긴 약간의 손상이 병원체를 사멸시키는 데 충분하지 않더라도, 항미생물 화학제가 내부로 침투하면 살균 효과가 증가한다. 알킬화제와 산화제는 병원체의 내부로 침투 하면 필수적인 물질 대사를 정지시킨다. 글루타르 알데하이드와 같은 알킬화제가 알킬 작용기를 단백질에 결합시키면 단백질을 변성시켜 기능을 상실하게 하고, 핵산의 염기에 결합시키면 핵산을 비정상 구조로 변화시켜 유전자 복제와 발현을 교란한다. 산화제인 하이포염소산 소듐은 병원체 내에서 불특정한 단백질들을 산화 시켜 단백질로 이루어진 효소들의 기능을 비활성화하고 병원체를 사멸에 이르게 한다.\n','질병',NULL,NULL,0,NULL,0,'2024-04-24 11:46:30',NULL,NULL,0),(31,1,'EPIGRAPHY','혈액은 세포에 필요한 물질을 공급하고 노폐물을 제거한다. 만약 혈관 벽이 손상되어 출혈이 생기면 손상 부위의 혈액이 응고되어 혈액 손실을 막아야 한다. 혈액 응고는 섬유소 단백질인 피브린이 모여 형성된 섬유소 그물이 혈소판이 응집된 혈소판 마개와 뭉쳐 혈병이라는 덩어리를 만드는 현상이다. 혈액 응고는 혈관 속에서도 일어나는데, 이때의 혈병을 혈전이라 한다. 이물질이 쌓여 동맥 내벽이 두꺼워지는 동맥 경화가 일어나면 그 부위에 혈전 침착, 혈류 감소 등이 일어나 혈관 질환이 발생하기도 한다. 이러한 혈액의 응고 및 원활한 순환에 비타민 K가 중요한 역할을 한다. 비타민 K는 혈액이 응고되도록 돕는다. 지방을 뺀 사료를 먹인 병아리의 경우, 지방에 녹는 어떤 물질이 결핍되어 혈액 응고가 지연된다는 사실을 발견하고 그 물질을 비타민 K로 명명했다. 혈액 응고는 단백질로 이루어진 다양한 인자들이 관여하는 연쇄 반응에 의해 일어난다. 우선 여러 혈액 응고 인자들이 활성화된 이후 프로트롬빈이 활성화되어 트롬빈으로 전환되고, 트롬빈은 혈액에 녹아 있는 피브리노겐을 불용성인 피브린으로 바꾼다. 비타민 K는 프로트롬빈을 비롯한 혈액 응고 인자들이 간세포에서 합성될 때 이들의 활성화에 관여한다. 활성화는 칼슘 이온과의 결합을 통해 이루어지는데, 이들 혈액 단백질이 칼슘 이온과 결합하려면 카르복실화되어 있어야 한다. 카르복실화는 단백질을 구성하는 아미노산 중 글루탐산이 감마-카르복시글루탐산으로 전환되는 것을 말한다. 이처럼 비타민 K에 의해 카르복실화되어야 활성화가 가능한 표적 단백질을 비타민 K-의존성 단백질이라 한다. 비타민 K는 식물에서 합성되는 ㉠(비타민 K1)과 동물 세포에서 합성되거나 미생물 발효로 생성되는 ㉡(비타민 K2)로 나뉜다. 녹색 채소 등은 비타민 K1을 충분히 함유하므로 일반적인 권장 식단을 따르면 혈액 응고에 차질이 생기지 않는다. 그런데 혈관 건강과 관련된 비타민 K의 또 다른 중요한 기능이 발견되었고, 이는 칼슘의 역설과도 관련이 있다. 나이가 들면 뼈 조직의 칼슘 밀도가 낮아져 골다공증이 생기기 쉬운데, 이를 방지하고자 칼슘 보충제를 섭취한다. 하지만 칼슘 보충제를 섭취 해서 혈액 내 칼슘 농도는 높아지나 골밀도는 높아지지 않고, 혈관 벽에 칼슘염이 침착되는 혈관 석회화가 진행되어 동맥 경화 및 혈관 질환이 발생하는 경우가 생긴다. 혈관 석회화는 혈관 근육 세포 등에서 생성되는 MGP라는 단백질에 의해 억제되는데, 이 단백질이 비타민 K-의존성 단백질이다. 비타민 K가 부족하면 MGP 단백질이 활성화되지 못해 혈관 석회화가 유발된다는 것이다. 비타민 K1과 K2는 모두 비타민 K-의존성 단백질의 활성화를 유도하지만 K1은 간세포에서, K2는 그 외의 세포에서 활성이 높다. 그러므로 혈액 응고 인자의 활성화는 주로 K1이, 그 외의 세포에서 합성되는 단백질의 활성화는 주로 K2가 담당한다. 이에 따라 일부 연구자들은 비타민 K의 권장량을 K1과 K2로 구분하여 설정해야 하며, K2가 함유된 치즈, 버터 등의 동물성 식품과 발효 식품의 섭취를 늘려야 한다고 권고한다.','비타민 K의 기능',NULL,NULL,0,NULL,0,'2024-04-24 12:24:48',NULL,NULL,0),(32,1,'EPIGRAPHY','경제학에서는 증거에 근거한 정책 논의를 위해 사건의 효과를 평가해야 할 경우가 많다. 어떤 사건의 효과를 평가한다는 것은 사건 후의 결과와 사건이 없었을 경우에 나타났을 결과를 비교 하는 일이다. 그런데 가상의 결과는 관측할 수 없으므로 실제로는 사건을 경험한 표본들로 구성된 시행집단의 결과와, 사건을 경험 하지 않은 표본들로 구성된 비교집단의 결과를 비교하여 사건의 효과를 평가한다. 따라서 이 작업의 관건은 그 사건 외에는 결과에 차이가 ⓐ(날) 이유가 없는 두 집단을 구성하는 일이다. 가령 어떤 사건이 임금에 미친 효과를 평가할 때, 그 사건이 없었다면 시행집단과 비교집단의 평균 임금이 같을 수밖에 없도록 두 집단을 구성하는 것이다. 이를 위해서는 두 집단에 표본이 임의로 배정 되도록 사건을 설계하는 실험적 방법이 이상적이다. 그러나 사람을 표본으로 하거나 사회 문제를 다룰 때에는 이 방법을 적용할 수 없는 경우가 많다. 이중차분법 은 시행집단에서 일어난 변화에서 비교집단에서 일어난 변화를 뺀 값을 사건의 효과라고 평가하는 방법이다. 이는 사건이 없었더라도 비교집단에서 일어난 변화와 같은 크기의 변화가 시행집단에서도 일어났을 것이라는 평행추세 가정에 근거해 사건의 효과를 평가한 것이다. 이 가정이 충족 되면 사건 전의 상태가 평균적으로 같도록 두 집단을 구성하지 않아도 된다. 이중차분법은 1854년에 스노가 처음 사용했다고 알려져 있다. 그는 두 수도 회사로부터 물을 공급받는 런던의 동일 지역 주민 들에 주목했다. 같은 수원을 사용하던 두 회사 중 한 회사만 수원을 ⓑ(바꿨는데) 주민들은 자신의 수원을 몰랐다. 스노는 수원이 바뀐 주민들과 바뀌지 않은 주민들의 수원 교체 전후 콜레라로 인한 사망률의 변화들을 비교함으로써 콜레라가 공기가 아닌 물을 통해 전염된다는 결론을 ⓒ(내렸다). 경제학에서는 1910년대에 최저임금제 도입 효과를 파악하는 데 이 방법이 처음 이용되었다. 평행추세 가정이 충족되지 않는 경우에 이중차분법을 적용하면 사건의 효과를 잘못 평가하게 된다. 예컨대 어떤 노동자 교육 프로그램의 고용 증가 효과를 평가할 때, 일자리가 급격히 줄어 드는 산업에 종사하는 노동자의 비중이 비교집단에 비해 시행 집단에서 더 큰 경우에는 평행추세 가정이 충족되지 않을 것이다. 그렇다고 해서 집단 간 표본의 통계적 유사성을 ⓓ(높이려고) 사건 이전 시기의 시행집단을 비교집단으로 설정하는 것이 평행 추세 가정의 충족을 보장하는 것은 아니다. 예컨대 고용처럼 경기변동에 민감한 변화라면 집단 간 표본의 통계적 유사성보다 변화 발생의 동시성이 이 가정의 충족에서 더 중요할 수 있기 때문이다. 여러 비교집단을 구성하여 각각에 이중차분법을 적용한 평가 결과가 같음을 확인하면 평행추세 가정이 충족된다는 신뢰를 줄 수 있다. 또한 시행집단과 여러 특성에서 표본의 통계적 유사성이 높은 비교집단을 구성하면 평행추세 가정이 위협받을 가능성을 ⓔ(줄일) 수 있다. 이러한 방법들을 통해 이중차분법을 적용한 평가에 대한 신뢰도를 높일 수 있다.','이중차분법',NULL,NULL,0,NULL,0,'2024-04-24 12:24:57',NULL,NULL,0),(33,1,'EPIGRAPHY','음운은 단어의 뜻을 변별하는 데 사용되는 소리로 언어마다 차이가 있다. 예컨대 국어에서는 음운으로서 ‘ㅅ’과 ‘ㅆ’을 구분 하지만 영어에서는 구분하지 않는다. 음운이 실제로 발음되기 위 해서는 발음의 최소 단위인 음절을 이뤄야 하는데 음절의 구조도 언어마다 다르다. 국어는 한 음절 내에서 모음 앞이나 뒤에 각각 최대 하나의 자음을 둘 수 있지만 영어는 ‘spring[spriŋ]’처럼 한 음절 내에서 자음군이 형성될 수 있다. 음운은 그 자체로는 뜻이 없다. 음운이 하나 이상 모여 뜻을 가지면 의미의 최소 단위인 형태소가 된다. 그리고 우리는 이러한 형태소를 결합하여 단어를 만들고 말을 한다. 이때 ㉠(형태소와 형태소가 만나는 경계)에서 음운이 다양하게 배열되고 발음이 결정되는데, 여기에 음운 규칙이 관여한다. 예컨대 국어에서는 ‘국물[궁물]’처럼 ‘파열음 - 비음’ 순의 음운 배열이 만들어지면, 파열음은 동일 조음 위치의 비음으로 교체된다. 그런데 이런 음운 규칙도 모든 언어에 적용되는 것은 아니어서 영어에서는 ‘nickname[nikneim]’처럼 ‘파열음(k) - 비음(n)’이 배열되어도 비음화가 일어나지 않는다. 이러한 음운, 음절 구조, 음운 규칙은 말을 할 때뿐만 아니라 말을 들을 때도 작동한다. 이들은 말을 할 때는 발음을 할 수 있게 만드는 재료, 구조, 방법이 되고, 말을 들을 때는 말소리를 분류하고 인식하는 틀이 된다. 예컨대 ‘국’과 ‘밥’이 결합한 ‘국밥’은 된소리되기가 적용되어 늘 [국빱]으로 발음되지만, 우리는 이것을 ‘빱’이 아니라 ‘밥’과 관련된 것으로 인식한다. 그 이유는 [국빱]을 들을 때 된소리되기가 인식의 틀로 작동하여 된소리되기 이전의 음운 배열인 ‘국밥’으로 복원되기 때문이다. 더불어 외국어를 듣는 상황을 생각해 보자. 국어의 음절 구조와 맞지 않는 소리를 듣는다면 국어의 음절 구조에 맞게 바꾸고, 국어에 없는 소리를 듣는다면 국어에서 가장 가까운 음운으로 바꾸어 인식하게 된다. 영어 단어 ‘bus’를 우리말 음절 구조에 맞게 2음절로 바꾸고, ‘b’를 ‘ㅂ’ 또는 ‘ㅃ’으로 바꾸어 [버쓰]나 [뻐쓰]로 인식하는 것이 그 예이다.','음운, 음절 구조, 음운 규칙의 개념 및 양상',NULL,NULL,0,NULL,0,'2024-04-24 12:25:05',NULL,NULL,0),(34,1,'EPIGRAPHY','법령의 조문은 대개 ‘A에 해당하면 B를 해야 한다.’처럼 요건과 효과로 구성된 조건문으로 규정된다. 하지만 그 요건이나 효과가 항상 일의적인 것은 아니다. 법조문에는 구체적 상황을 고려해야 그 상황에 ⓐ(맞는) 진정한 의미가 파악되는 불확정 개념이 사용 될 수 있기 때문이다. 개인 간 법률관계를 규율하는 민법에서 불확정 개념이 사용된 예로 ‘손해 배상 예정액이 부당히 과다한 경우에는 법원은 적당히 감액할 수 있다.’라는 조문을 ⓑ(들) 수 있다. 이때 법원은 요건과 효과를 재량으로 판단할 수 있다. 손해 배상 예정액은 위약금의 일종이며, 계약 위반에 대한 제재인 위약벌도 위약금에 속한다. 위약금의 성격이 둘 중 무엇인지 증명되지 못하면 손해 배상 예정액으로 다루어진다. 채무자의 잘못으로 계약 내용이 실현되지 못하여 계약 위반이 발생하면, 이로 인해 손해를 입은 채권자가 손해 액수를 증명 해야 그 액수만큼 손해 배상금을 받을 수 있다. 그러나 손해 배상 예정액이 정해져 있었다면 채권자는 손해 액수를 증명 하지 않아도 손해 배상 예정액만큼 손해 배상금을 받을 수 있다. 이때 손해 액수가 얼마로 증명되든 손해 배상 예정액보다 더 받을 수는 없다. 한편 위약금이 위약벌임이 증명되면 채권자는 위약벌에 해당하는 위약금을 ⓒ(받을) 수 있고, 손해 배상 예정 액과는 달리 법원이 감액할 수 없다. 이때 채권자가 손해 액수를 증명하면 손해 배상금도 받을 수 있다. 불확정 개념은 행정 법령에도 사용된다. 행정 법령은 행정청이 구체적 사실에 대해 행하는 법 집행인 행정 작용을 규율한다. 법령상 요건이 충족되면 그 효과로서 행정청이 반드시 해야 하는 특정 내용의 행정 작용은 기속 행위이다. 반면 법령상 요건이 충족되더라도 그 효과인 행정 작용의 구체적 내용을 ⓓ(고를) 수 있는 재량이 행정청에 주어져 있을 때, 이러한 재량을 행사 하는 행정 작용은 재량 행위이다. 법령에서 불확정 개념이 사용 되면 이에 근거한 행정 작용은 대개 재량 행위이다. 행정청은 재량으로 재량 행사의 기준을 명확히 정할 수 있는 데 이 기준을 재량 준칙이라 한다. 재량 준칙은 법령이 아니 므로 재량 준칙대로 재량을 행사하지 않아도 근거 법령 위반은 아니다. 다만 특정 요건하에 재량 준칙대로 특정한 내용의 적법한 행정 작용이 반복되어 행정 관행이 생긴 후에는, 같은 요건이 충족되면 행정청은 동일한 내용의 행정 작용을 해야 한다. 행정청은 평등 원칙을 ⓔ(지켜야) 하기 때문이다.',' 사회, 법령의 요건과 효과에서의 불확정 개념',NULL,NULL,0,NULL,0,'2024-04-24 12:25:16',NULL,NULL,0),(35,1,'EPIGRAPHY','사람들이 지속적으로 책을 읽는 이유 중 하나는 즐거움이다. 독서의 즐거움에는 여러 가지가 있겠지만 그 중심에는 ‘소통의 즐거움’이 있다. 독자는 독서를 통해 책과 소통하는 즐거움을 경험한다. 독서는 필자와 간접적으로 대화하는 소통 행위이다. 독자는 자신이 속한 사회나 시대의 영향 아래 필자가 속해 있거나 드러내고자 하는 사회나 시대를 경험한다. 직접 경험하지 못했던 다양한 삶을 필자를 매개로 만나고 이해하면서 독자는 더 넓은 시야로 세계를 바라볼 수 있다. 이때 같은 책을 읽은 독자라도 독자의 배경 지식이나 관점 등의 독자 요인, 읽기 환경이나 과제 등의 상황 요인이 다르므로, 필자가 보여 주는 세계를 그대로 수용하지 않고 저마다 소통 과정에서 다른 의미를 구성할 수 있다. 이러한 소통은 독자가 책의 내용에 대해 질문하고 답을 찾아내는 과정에서 가능해진다. 독자는 책에서 답을 찾는 질문, 독자 자신에게서 답을 찾는 질문 등을 제기할 수 있다. 전자의 경우 책에 명시된 내용에서 답을 발견할 수 있고, 책의 내용들을 관계 지으며 답에 해당하는 내용을 스스로 구성할 수도 있다. 또한 후자의 경우 책에는 없는 독자의 경험에서 답을 찾을 수 있다. 이런 질문들을 풍부히 생성 하고 주체적으로 답을 찾을 때 소통의 즐거움은 더 커진다. 한편 독자는 ㉠(다른 독자와 소통하는 즐거움)을 경험할 수도 있다. 책과의 소통을 통해 개인적으로 형성한 의미를 독서 모임 이나 독서 동아리 등에서 다른 독자들과 나누는 일이 이에 해당 한다. 비슷한 해석에 서로 공감하며 기존 인식을 강화하거나 관점의 차이를 확인하고 기존 인식을 조정하는 과정에서, 독자는 자신의 인식을 심화 확장할 수 있다. 최근 소통 공간이 온라인 으로 확대되면서 독서를 통해 다른 독자들과 소통하며 즐거움을 누리는 양상이 더 다양해지고 있다. 자신의 독서 경험을 담은 글이나 동영상을 생산 공유함으로써, 책을 읽지 않은 타인이 책과 소통하도록 돕는 것도 책을 통한 소통의 즐거움을 나누는 일이다.','독서 활동을 통한 소통의 즐거움',NULL,NULL,0,NULL,0,'2024-04-24 12:25:23',NULL,NULL,0);

# INSERT INTO problem  (`id`, `article_id`, `problem_number`, `problem`, `answer`, `created_at`) VALUES (1,31,1,'1. 윗글에서 알 수 있는 내용으로 적절하지 않은 것은?\n\n① 혈전이 형성되면 섬유소 그물이 뭉쳐 혈액의 손실을 막는다.\n② 혈액의 응고가 이루어지려면 혈소판 마개가 형성되어야 한다.\n③ 혈관 손상 부위에 혈병이 생기려면 혈소판이 응집되어야 한다.\n④ 혈관 경화를 방지하려면 이물질이 침착되지 않게 해야 한다.\n⑤ 혈관 석회화가 계속되면 동맥 내벽과 혈류에 변화가 생긴다.',1,'2024-04-24 12:36:54'),(2,31,2,'2. ㉠과 ㉡에 대한 설명으로 가장 적절한 것은?\n\n① ㉠은 ㉡과 달리 우리 몸의 간세포에서 합성된다.\n② ㉡은 ㉠과 달리 지방과 함께 섭취해야 한다.\n③ ㉡은 ㉠과 달리 표적 단백질의 아미노산을 변형하지 않는다.\n④ ㉠과 ㉡은 모두 표적 단백질의 활성화 이전 단계에 작용한다.\n⑤ ㉠과 ㉡은 모두 일반적으로는 결핍이 발생해 문제가 되는 경우는 없다.',4,'2024-04-24 12:38:19'),(3,32,1,'1. 윗글에 대한 이해로 적절하지 않은 것은?\n\n① 실험적 방법에서는 시행집단에서 일어난 평균 임금의 사건 전후 변화를 어떤 사건이 임금에 미친 효과라고 평가한다.\n② 사람을 표본으로 하거나 사회 문제를 다룰 때에도 실험적 방법을 적용하는 경우가 있다.\n③ 평행추세 가정에서는 특정 사건 이외에는 두 집단의 변화에 차이가 날 이유가 없다고 전제한다.\n④ 스노의 연구에서 시행집단과 비교집단의 콜레라 사망률은 사건 후뿐만 아니라 사건 전에도 차이가 있었을 수 있다.\n⑤ 스노는 수원이 바뀐 주민들과 바뀌지 않은 주민들 사이에 공기의 차이는 없다고 보았을 것이다.',1,'2024-04-24 12:44:33'),(4,32,2,'2. 문맥상 ⓐ～ⓔ의 단어와 가장 가까운 의미로 쓰인 것은?\n\n① ⓐ : 그 사건의 전말이 모두 오늘 신문에 (났다).\n② ⓑ : 산에 가려다가 생각을 (바꿔) 바다로 갔다.\n③ ⓒ : 기상청에서 전국에 건조 주의보를 (내렸다).\n④ ⓓ : 회원들이 회칙 개정을 요구하는 목소리를 (높였다).\n⑤ ⓔ : 하고 싶은 말은 많지만 오늘은 이만 (줄입니다).',2,'2024-04-24 12:45:18'),(5,33,1,'1. 윗글을 통해 추론한 내용으로 적절하지 않은 것은?\n\n① 국어 음절 구조의 특징을 고려하면 ‘몫[목]’의 발음에서 음운이 탈락하는 것을 이해할 수 있겠군.\n② 국어 음운 ‘ㄹ’은 그 자체에는 뜻이 없지만, ‘갈 곳’의 ‘ㄹ’은 어미로 쓰이고 있으므로 뜻을 가진 최소 단위가 되겠군.\n③ 국어에서 ‘밥만 있어’의 ‘밥만[밤만]’을 듣고 ‘밤만’으로 알았다면 그 과정에서 비음화 규칙이 인식의 틀로 작동했겠군.\n④ 영어의 ‘spring’이 국어에서 3음절 ‘스프링’으로 인식되는 것은 국어 음절 구조 인식의 틀이 제대로 작동한 결과이겠군.\n⑤ 영어의 ‘vocal’이 국어에서 ‘보컬’로 인식되는 것은 영어 ‘v’와 가장 비슷한 국어 음운이 ‘ㅂ’이기 때문이겠군.',3,'2024-04-24 12:46:37'),(6,33,2,'2. ㉠의 위치에서 음운 변동이 일어난 예만을 <보기>에서 고른 것은?\n\n<보 기>\nⓐ 앞일[암닐] ⓑ 장미꽃[장미꼳] ⓒ 넣고[너코]\nⓓ 걱정[걱쩡] ⓔ 굳이[구지]\n\n① ⓐ, ⓑ, ⓒ\n② ⓐ, ⓒ, ⓔ\n③ ⓐ, ⓓ, ⓔ\n④ ⓑ, ⓒ, ⓓ\n⑤ ⓑ, ⓓ, ⓔ',2,'2024-04-24 12:46:39'),(7,34,1,'1. 윗글의 내용과 일치하지 않는 것은?\n\n① 법령의 요건과 효과에는 모두 불확정 개념이 사용될 수 있다.\n② 법원은 불확정 개념이 사용된 법령을 적용할 때 재량을 행사할 수 있다.\n③ 불확정 개념이 사용된 법령의 진정한 의미를 이해하려면 구체적 상황을 고려해야 한다.\n④ 불확정 개념이 사용된 행정 법령에 근거한 행정 작용은 재량 행위인 경우보다 기속 행위인 경우가 많다.\n⑤ 불확정 개념은 행정청이 행하는 법 집행 작용을 규율하는 법령과 개인 간의 계약 관계를 규율하는 법률에 모두 사용된다.',4,'2024-04-24 12:49:09'),(8,34,2,'2. 문맥상 ⓐ～ⓔ의 의미와 가장 가까운 것은?\n\n① ⓐ : 이것이 네가 찾는 자료가 (맞는지) 확인해 보아라.\n② ⓑ : 그 부부는 노후 대책으로 적금을 (들고) 안심했다.\n③ ⓒ : 그의 파격적인 주장은 학계의 큰 주목을 (받았다).\n④ ⓓ : 형은 땀 흘려 울퉁불퉁한 땅을 평평하게 (골랐다).\n⑤ ⓔ : 그분은 우리에게 한 약속을 반드시 (지킬) 것이다.',5,'2024-04-24 12:49:11'),(9,35,1,'1. 윗글의 내용과 일치하지 않는 것은?\n\n① 같은 책을 읽은 독자라도 서로 다른 의미를 구성할 수 있다.\n② 다른 독자와의 소통은 독자가 인식의 폭을 확장하도록 돕는다.\n③ 독자는 직접 경험해 보지 못했던 다양한 삶을 책의 필자를 매개로 접할 수 있다.\n④ 독자의 배경지식, 관점, 읽기 환경, 과제는 독자의 의미 구성에 영향을 주는 독자 요인이다.\n⑤ 독자는 책을 읽을 때 자신이 속한 사회나 시대의 영향을 받으며 필자와 간접적으로 대화한다.',4,'2024-04-24 12:50:08'),(10,35,2,'2. 윗글을 읽고 ㉠에 대해 보인 반응으로 적절하지 않은 것은?\n\n① 스스로 독서 계획을 세우고 자신에게 필요한 책을 찾아 개인적으로 읽는 과정에서 경험할 수 있겠군.\n② 독서 모임에서 서로 다른 관점을 확인하고 자신의 관점을 조정하는 과정에서 경험할 수 있겠군.\n③ 개인적으로 형성한 의미를, 독서 동아리를 통해 심화하는 과정에서 경험할 수 있겠군.\n④ 자신의 독서 경험을 담은 콘텐츠를 생산하고 공유하는 과정에서 경험할 수 있겠군.\n⑤ 오프라인뿐 아니라 온라인 공간에서 해석을 나누는 과정에서도 경험할 수 있겠군.',1,'2024-04-24 12:50:10'),(11,20,1,'1. 윗글을 이해한 내용으로 적절하지 않은 것은?\n\n① 알부민과 같이 작은 단백질들은 기저막의 당단백질과 상반된 전하를 띠기 때문에 사구체 여과가 억제될 수 있다.\n② 기저막을 감싸고 있는 보먼주머니 내층의 발세포 돌기 사이로 여과액이 빠져나온다. \n③ 질병이 생길 경우 혈장 교질 삼투압과 보먼주머니 수압이 크게 변할 수 있다. \n④ 기저막은 비세포성 젤라틴 층으로 콜라겐과 당단백질로 구성되어 있다. \n⑤ 사구체 여과를 통해 물이나 포도당이 세뇨관으로 빠져나갈 수 있다.',1,'2024-04-26 04:45:51'),(12,20,2,'2. ㉠의 이유로 가장 적절한 것은?\n\n① 들세동맥의 혈액 속도가 날세동맥을 통해 사구체 밖으로 나가는 혈액 속도보다 빠르기 때문에\n② 들세동맥의 직경이 조절되어 사구체로 유입되는 혈류량이 일정하게 유지되기 때문에\n③ 사구체의 모세 혈관 벽이 편평한 내피세포 한 층으로 이루어져 있기 때문에\n④ 사구체의 모든 모세 혈관을 통해 사구체 여과가 발생할 수 있기 때문에\n⑤ 혈장 교질 삼투압과 보먼주머니 수압이 일정하게 유지되기 때문에',2,'2024-04-26 04:45:58'),(13,21,1,'1. 윗글에서 사용한 설명 방식에 해당하지 않는 것은?\n\n① 통화 정책의 목적을 유형별로 나누어 제시하고 있다.\n② 통화 정책에서 선제적 대응의 필요성을 예를 들어 설명하고 있다.\n③ 공개 시장 운영이 경제 전반에 영향을 미치는 과정을 인과적으로 설명하고 있다.\n④ 관련된 주요 용어의 정의를 바탕으로 통화 정책의 대표적인 수단을 설명하고 있다.\n⑤ 통화 정책의 신뢰성 확보를 위해 준칙을 지켜야 하는지에 대한 두 견해의 차이를 드러내고 있다.',1,'2024-04-26 04:46:03'),(14,21,2,'2. 윗글의 ㉠과 ㉡에 대한 설명으로 가장 적절한 것은?\n\n① ㉠에서는 중앙은행이 정책 운용에 관한 준칙을 지키느라 경제 변동에 신축적인 대응을 못해도 이를 바람직하다고 본다.\n② ㉡에서는 중앙은행이 스스로 정한 준칙을 지키는 것은 얼마든지 가능하다고 본다.\n③ ㉠에서는 ㉡과 달리, 정책 운용에 관한 준칙을 지키지 않아도 민간의 신뢰를 확보할 수 있다고 본다.\n④ ㉡에서는 ㉠과 달리, 통화 정책에서 민간의 신뢰 확보를 중요하게 여기지 않는다.\n⑤ ㉡에서는 ㉠과 달리, 경제 상황 변화에 대한 통화 정책의 탄력적 대응이 효과적이지 않다고 본다.',1,'2024-04-26 04:46:08'),(15,22,1,'1. 윗글의 ‘프로토콜’에 대한 설명으로 적절하지 않은 것은?\n\n① 컴퓨터 사이의 통신을 위한 규약으로서 저마다 정해진 기능이있다.\n② IP에 따르면 현재 주로 사용하는 IP 주소는 4개의 필드에 적힌 숫자로 구성된다.\n③ DHCP를 이용하는 컴퓨터는 IP 주소를 요청해야 IP 주소를 부여받을 수 있다.\n④ DHCP를 이용하는 컴퓨터에는 네임서버의 IP 주소를 사용자가 기록해야 한다.\n⑤ UDP는 패킷 전송 속도를 높이기 위해 패킷이 목적지에 제대로 도착했는지 확인하지 않는다.',4,'2024-04-26 04:46:10'),(16,22,2,'2. 윗글을 바탕으로 알 수 있는 것은?\n\n① DNS는 도메인 네임을 사설 IP 주소로 변환한다.\n② 동일한 내부 네트워크에 연결된 컴퓨터들의 사설 IP 주소는 서로 달라야 한다.\n③ 유동 IP 주소 방식의 컴퓨터들에는 동시에 동일한 공인 IP 주소를 할당할 수 있다.\n④ 고정 IP 주소 방식의 컴퓨터들에는 동시에 동일한 공인 IP 주소를 부여할 수 있다.\n⑤ IP 주소가 서로 다른 컴퓨터들은 각각에 기록되어 있는 네임서버의 IP 주소도 서로 달라야 한다.',2,'2024-04-26 04:46:14'),(17,23,1,'1. 윗글의 내용과 일치하는 것은?\n\n① 배중률은 모든 가능세계에서 성립한다.\n② 모든 가능한 명제는 현실세계에서 성립한다.\n③ 필연적인 명제가 성립하지 않는 가능세계가 있다.\n④ 무모순율에 의하면 P와 ～P가 모두 참인 것은 가능하다.\n⑤ 전통 논리학에 따르면 “만약 A이면 B이다.”의 참 거짓은 A의 참 거짓과 상관없이 결정된다.',4,'2024-04-26 04:46:16'),(18,23,2,'2. ㉠, ㉡에 대한 이해로 적절하지 않은 것은?\n\n① ㉠이 성립하지 않는 가능세계가 존재한다.\n② “만약 다보탑이 개성에 있다면, 다보탑은 개성에 있다.”가 성립하는 가능세계 중에는 ㉠이 거짓인 가능세계는 없다.\n③ ㉡과 “다보탑은 개성에 있지 않다.”는 모순 관계가 아니다.\n④ 만약 ㉡이 거짓이라면 어떤 가능세계에서도 다보탑이 개성에 있지 않다.\n⑤ ㉠과 ㉡은 현실세계에서 둘 다 참인 것이 가능하다.',1,'2024-04-26 04:46:19'),(19,24,1,'1. 윗글에 대한 이해로 적절하지 않은 것은?\n\n① 서양과 중국에서는 모두 우주론을 정립하는 과정에서 형이상학적 사고에 대한 재검토가 이루어졌다.\n② 서양 천문학의 전래는 중국에서 자국의 우주론 전통을 재인식하는 계기가 되었다.\n③ 중국에 서양의 천문학적 성과가 자리 잡게 된 데에는 국가의 역할이 작용하였다.\n④ 중국에서는 18세기에 자국의 고대 우주론을 긍정하는 입장이주류가 되었다.\n⑤ 서양에서는 중국과 달리 경험적 추론에 기초한 우주론이 제기되었다.',5,'2024-04-26 04:46:23'),(20,24,2,'2. 윗글에 나타난 서양의 우주론 에 대한 설명으로 가장 적절한 것은?\n\n① 항성 천구가 고정되어 있다고 보는 아리스토텔레스의 우주론은 천상계와 지상계를 대립시킨 형이상학을 토대로 한 것이었다.\n② 많은 수의 원을 써서 행성의 가시적 운동을 설명한 프톨레마이오스의 우주론은 행성이 태양에서 멀수록 공전 주기가 길어 진다는 점에서 단순성을 갖는 것이었다.\n③ 지구와 행성이 태양 주위를 공전한다는 코페르니쿠스의 우주론은 이전의 지구 중심설보다 단순할 뿐 아니라 아리스토텔레스의 형이상학과 양립이 가능한 것이었다.\n④ 지구가 우주 중심에 고정되어 있고 다른 행성을 거느린 태양이 지구 주위를 돈다는 브라헤의 우주론은 아리스토텔레스의 형이상학에서 자유롭지 못한 것이었다.\n⑤ 태양 주위를 공전하는 행성의 운동 법칙들을 관측치로부터 수립한 케플러의 우주론은 신플라톤주의에서 경험주의적 근거를 찾은 것이었다.',4,'2024-04-26 04:46:27'),(21,15,1,'1. ㉠에 대한 설명으로 가장 적절한 것은?\n\n① 선거 기간의 후반기에 비해 전반기에 더 많다.\n② 시청자와 방송사의 상반된 이해관계가 반영된다.\n③ 당선자 예측과 관련된 정보의 전파에 초점을 맞추지 않는다.\n④ 선거의 핵심 의제에 관한 후보자의 입장을 다룬 보도를 중시한다.\n⑤ 정치에 관심이 없던 유권자들이 선거에 관심을 갖도록 북돋운다.',5,'2024-04-26 04:47:14'),(22,15,2,'2. 윗글에서 알 수 있는 내용으로 적절하지 않은 것은?\n\n① 신뢰할 수 있는 여론조사의 결과를 보도하더라도 선거의 공정성을 위협할 수 있다.\n② 정당의 추천을 받지 못해도 선거 방송의 초청 대상 후보자 토론회에 참여할 수 있다.\n③ 국민의 알 권리와 언론의 자유가 서로 충돌하는지의 문제를 헌법재판소에서 논의한 적이 있다.\n④ 선거일에 당선인 예측 선거 여론조사를 실시하고 투표 마감 시각 이후에 그 결과를 보도할 수 있다.\n⑤ 공직선거법 에는 선거 운동의 기회가 모든 후보자에게 균등하게 배분되지 못하도록 할 가능성이 있는 규정이 있다.',3,'2024-04-26 04:47:19'),(23,16,1,'1. 윗글을 이해한 내용으로 적절하지 않은 것은?\n\n① 데이터가 수치로 구성되지 않아도 최빈값을 구할 수 있다.\n② 데이터의 특징이 언제나 하나의 수치로 나타나는 것은 아니다.\n③ 데이터가 정상적으로 수집되었다면 이상치가 존재하지 않는다.\n④ 데이터에 동일한 수치가 여러 개 있어도 중앙값으로 결측치를 대체할 수 있다.\n⑤ 데이터를 수집하는 과정에서 측정 오류가 발생한 값이라도 이상치가 아닐 수 있다.',3,'2024-04-26 04:47:21'),(24,16,2,'2. 윗 글을 참고할 때, ㉠의 이유로 가장 적절한 것은?\n\n① 중앙값은 극단에 있는 이상치의 영향을 덜 받기 때문이다.\n② 중앙값을 찾기 위해 데이터를 나열할 때 이상치는 제외되기 때문이다.\n③ 데이터의 개수가 많아질수록 이상치도 많아지고 평균을 구하기 어렵기 때문이다.\n④ 이상치가 포함되면 평균을 구하는 것이 중앙값을 찾는 것보다 복잡하기 때문이다.\n⑤ 이상치가 포함되면 평균은 데이터에 포함되지 않는 값일 가능성이 큰 반면 중앙값은 항상 데이터에 포함된 값이기 때문이다.',1,'2024-04-26 04:47:25'),(25,17,1,'1. 윗글에 대한 설명으로 가장 적절한 것은?\n\n① 압전체의 제작 방법을 소개하고 제작 시 유의점을 나열하고 있다.\n② 압전 효과의 개념을 정의하고 압전체의 장단점을 분석하고 있다.\n③ 압전 효과의 종류를 분류하고 그 분류에 따른 압전체의 구조를 비교하고 있다.\n④ 압전체의 유형을 구분하는 기준을 제시하고 초정밀 저울의 작동 과정을 단계별로 설명하고 있다.\n⑤ 압전 효과에 기반한 초정밀 저울의 작동 원리를 설명하고 이 원리가 적용된 기체 농도 측정 방법을 소개하고 있다.',5,'2024-04-26 04:47:28'),(26,17,2,'2. 윗글을 통해 알 수 있는 내용으로 적절하지 않은 것은?\n\n① 수정 이외에도 압전 효과를 보이는 재료가 존재한다.\n② 수정을 절단하고 가공하여 미세 질량 측정에 사용한다.\n③ 전기 저항 변화를 이용하여 물체의 질량을 측정하는 경우가 있다.\n④ 같은 방향으로 절단한 수정은 크기가 달라도 고유 주파수가 서로 같다.\n⑤ 진동자의 주파수 변화 정도를 측정된 질량으로 나누면 질량에 대한 민감도를 구할 수 있다.',4,'2024-04-26 04:47:32'),(27,18,1,'1. (가)를 읽고 이해한 내용으로 적절하지 않은 것은?\n\n① 속대전의 규정을 적용받아 속량된 사람들은 납세의 의무를 지게 되었다.\n② 경국대전 반포 이후 갑오개혁까지 조선의 법적 신분제에는 두 개의 신분이 존재했다.\n③ 조선 후기 양반 중에는 노비를 양인 신분으로 풀어 주고 금전적 이익을 얻은 이들이 있었다.\n④ 조선 후기 ‘유학’의 증가 현상은 경국대전의 신분 체계가 작동하지 않는 현상을 보여 주는 것이었다.\n⑤ 조선 후기에 상민이 ‘유학’의 직역을 얻었을 때, 양반의 특권을 일부 가지게 되지만 온전한 양반으로 인정받지는 못했다.',4,'2024-04-26 04:47:35'),(28,18,2,'2. 일련의 개혁론 에 대한 이해로 적절하지 않은 것은?\n\n① 유형원은 자신이 구상한 공동체의 성격에 적합하지 않은 특정 직업군을 없애는 방안을 구상했다.\n② 유형원은 지방 사회의 도덕적 기풍을 진작하기 위해 관료 선발 인원을 지방에도 할당하는 방안을 구상했다.\n③ 정약용은 지배층인 사 집단이 주도권을 가지고 사회를 운영하는 방안을 구상했다.\n④ 정약용은 직업별로 거주지를 달리하는 것을 포함한 행정 구역 개편 방안을 구상했다.\n⑤ 유형원과 정약용은 모두 시험으로 도덕적 능력이 우수한 이를 선발하여 교육한 후 관료로 임명하는 방안을 제시했다.',5,'2024-04-26 04:47:38'),(29,19,1,'1. 윗글을 읽은 학생의 반응으로 적절하지 않은 것은?\n\n① 재니스는 공포 소구의 효과를 연구하는 실험에서 공포 소구의 수준을 달리하며 수용자의 변화를 살펴보았겠군.\n② 레벤달은 재니스의 연구 결과에 대하여 수용자의 감정적 반응과 인지적 반응을 모두 고려하여 살펴보았겠군.\n③ 레벤달은 공포 소구의 설득 효과가 나타나려면 공포 통제 반응보다 위험 통제 반응이 작동해야 한다고 보았겠군.\n④ 위티는 수용자가 공포 소구에 담긴 위험을 느끼지 않아야 공포 소구의 권고를 따르게 된다고 보았겠군.\n⑤ 위티는 공포 소구의 위협 수준이 그 공포 소구의 효능감 수준에 따라 달라지는 것은 아니라고 보았겠군.',2,'2024-04-26 04:47:40'),(30,19,2,'2. 문맥상 ㉠～㉤과 바꾸어 쓰기에 적절하지 않은 것은?\n\n① ㉠ : 편향되었다고\n② ㉡ : 명명하였다\n③ ㉢ : 경험할\n④ ㉣ : 발송했다고\n⑤ ㉤ : 기여하지',4,'2024-04-26 04:47:48'),(31,10,1,'1. 윗글을 바탕으로 할 때, ㉠의 답으로 적절하지 않은 것은?\n\n① 인류의 지혜와 경험을 배우기 위해\n② 현실로부터 도피할 방법을 구하기 위해\n③ 시대적 과제를 해결할 실마리를 찾기 위해\n④ 자신의 삶에 대해 숙고할 시간을 갖기 위해\n⑤ 세상에 대한 안목을 키우는 지식을 얻기 위해',2,'2024-04-26 04:50:19'),(32,11,1,'1. (가)와 (나)에 대한 설명으로 가장 적절한 것은?\n\n① (가)와 (나)는 모두 특정한 철학적 방법에 기반한 체계를 바탕으로 예술의 상대적 위상을 제시하고 있다.\n② (가)와 (나)는 모두 특정한 철학적 방법에 대한 상반된 평가를 바탕으로 더 설득력 있는 미학 이론을 모색하고 있다.\n③ (가)와 달리 (나)는 특정한 철학적 방법의 시대적 한계를 지적하고 이에 맞서는 혁신적 방법을 제안하고 있다.\n④ (가)와 달리 (나)는 특정한 철학적 방법에서 파생된 미학 이론을 바탕으로 예술 장르를 범주적으로 유형화하고 있다.\n⑤ (나)와 달리 (가)는 특정한 철학적 방법의 통시적인 변화 과정을 적용하여 철학사를 단계적으로 설명하고 있다',1,'2024-04-26 04:50:28'),(33,11,2,'2. (가)에서 알 수 있는 헤겔의 생각으로 적절하지 않은 것은?\n\n① 예술ㆍ종교ㆍ철학 간에는 인식 내용의 동일성과 인식 형식의 상이성이 존재한다.\n② 세계의 근원적 질서와 시ㆍ공간적 현실은 하나의 변증법적 체계를 이룬다.\n③ 절대정신의 세 가지 형태는 지성의 세 가지 형식이 인식하는 대상이다.\n④ 변증법은 철학적 논증의 방법이자 논증 대상의 존재 방식이다.\n⑤ 절대정신의 내용은 본질적으로 논리적이고 이성적인 것이다.',3,'2024-04-26 04:50:30'),(34,12,1,'1. 윗글을 통해 답을 찾을 수 없는 질문은?\n\n① 브레턴우즈 체제 붕괴 이후에도 달러화가 기축 통화로서 역할을 할 수 있었던 이유는 무엇인가?\n② 브레턴우즈 체제 붕괴 이후의 세계 경제 위축에 대해 트리핀은 어떤 전망을 했는가?\n③ 브레턴우즈 체제에서 미국 중앙은행은 어떤 의무를 수행해야 했는가?\n④ 브레턴우즈 체제에서 국제 유동성의 역할을 한 것은 무엇인가?\n⑤ 브레턴우즈 체제에서 달러화 신뢰도 하락의 원인은 무엇인가?',2,'2024-04-26 04:50:33'),(35,12,2,'2. 윗글을 바탕으로 추론한 내용으로 적절하지 않은 것은?\n\n① 닉슨 쇼크가 단행된 이후 달러화의 고평가 문제를 해결할 수 있는 달러화의 평가 절하가 가능해졌다.\n② 브레턴우즈 체제에서 마르크화와 엔화의 투기적 수요가 증가한 것은 이들 통화의 평가 절상을 예상했기 때문이다.\n③ 금의 생산량 증가를 통한 국제 유동성 공급량의 증가는 트리핀 딜레마 상황을 완화하는 한 가지 방법이 될 수 있다.\n④ 트리핀 딜레마는 달러화를 통한 국제 유동성 공급을 중단할 수도 없고 공급량을 무한정 늘릴 수도 없는 상황을 말한다.\n⑤ 브레턴우즈 체제에서 마르크화가 달러화에 대해 평가 절상되면, 같은 금액의 마르크화로 구입 가능한 금의 양은 감소한다',5,'2024-04-26 04:50:35'),(36,10,2,'2. <보기>는 ㉡과 같이 독서하기 위해 학생이 찾은 독서 방법이다. 이에 대한 반응으로 적절하지 않은 것은?\n\n<보 기>\n해결하려는 문제와 관련하여 관점이 다른 책들을 함께 읽는 것은 해법을 찾는 한 방법이다. 먼저 문제가 무엇인지를 명확히 하고, 이와 관련된 서로 다른 관점의 책을 찾는다. 책을 읽을 때는 자신의 관점에서 각 관점들을 비교․대조 하면서 정보의 타당성을 비판적으로 검토하고 평가한 내용을 통합한다. 이를 통해 문제를 다각적․심층적으로 이해하게 됨으로써 자신의 관점을 분명히 하고, 나아가 생각을 발전시켜 관점을 재구성하게 됨으로써 해법을 찾을 수 있다.\n\n① 읽을 책을 선택하기 전에 해결하려는 문제가 무엇인지를 명확하게 인식해야겠군.\n② 서로 다른 관점을 비교․대조하면서 검토함으로써 편협한 시각에서 벗어나 문제를 폭넓게 보아야겠군.\n③ 문제의 해결을 위해 서로 다른 관점을 비판적으로 통합하여 문제에 대한 생각을 새롭게 구성할 수 있어야겠군.\n④ 정보를 이해하는 수준을 넘어, 각 관점의 타당성을 검토하고 평가 내용을 통합함으로써 문제를 깊이 이해해야겠군.\n⑤ 문제에 대한 여러 관점을 다각도로 검토하고, 비판적 판단을 유보함으로써 자신의 관점이 지닌 타당성을 견고히 해야겠군',5,'2024-04-26 04:52:20'),(37,13,1,'1. 윗글의 내용과 일치하는 것은?\n\n① 차량 주위를 위에서 내려다본 것 같은 영상은 360°를 촬영하는 카메라 하나를 이용하여 만들어진다.\n② 외부 변수로 인한 왜곡은 카메라 자체의 특징을 알 수 있으면 쉽게 해결할 수 있다.\n③ 차량의 전후좌우 카메라에서 촬영된 영상을 하나의 영상으로 합성한 후 왜곡을 보정한다.\n④ 영상이 중심부로부터 멀수록 크게 휘는 것은 왜곡 모델을 설정하여 보정할 수 있다.\n⑤ 위에서 내려다보는 시점의 영상에 있는 점들은 카메라 시점의 영상과는 달리 3차원 좌표로 표시된다.',4,'2024-04-26 04:52:34'),(38,13,2,'2. ㉠～㉢을 이해한 내용으로 가장 적절한 것은?\n\n① ㉠에서 광각 카메라를 이용하여 확보한 시야각은 ㉡에서는 작아지겠군.\n② ㉡에서는 ㉠과 마찬가지로 렌즈와 격자판 사이의 거리가 멀어질수록 격자판이 작아 보이겠군.\n③ ㉡에서는 ㉠에서 렌즈와 격자판 사이의 거리에 따른 렌즈의 곡률 변화로 생긴 휘어짐이 보정되었겠군.\n④ ㉡과 실세계 격자판을 비교하여 격자판의 위치 변화를 보정한 ㉢은 카메라의 기울어짐에 의한 왜곡을 바로잡은 것이겠군.\n⑤ ㉡에서 렌즈에 의한 상의 왜곡 때문에 격자판의 윗부분으로 갈수록 격자 크기가 더 작아 보이던 것이 ㉢에서 보정되었겠군.',2,'2024-04-26 04:52:37'),(39,14,1,'1. (가), (나)에 대한 설명으로 가장 적절한 것은?\n\n① (가)는 광고의 개념을 정의하고 광고가 시장에서 차지하는 위상을 소개하고 있다.\n② (가)는 광고가 판매자에게 중요한 이유를 제시하고 판매자가 광고를 통해 얻으려는 효과를 설명하고 있다.\n③ (나)는 광고의 영향에 대한 다양한 견해를 소개하고 각각의 견해가 안고 있는 한계점을 지적하고 있다.\n④ (나)는 광고가 구매자에게 수용되는 과정을 제시하고 구매자가 광고를 수용할 때의 유의점을 나열하고 있다.\n⑤ (가)와 (나)는 모두 구매자가 상품을 선택하는 기준을 제시하고 광고와 관련된 제도 마련의 필요성을 강조하고 있다.',2,'2024-04-26 04:52:40'),(40,14,2,'2. ((나)에서 알 수 있는 내용으로 적절하지 않은 것은?\n\n① 광고에 의해 유행 주기가 단축되어 소비가 촉진될 수 있다.\n② 광고가 경제 전반에 선순환을 일으키는 정도는 한계 소비 성향이 커질 때 작아진다.\n③ 광고가 생산 활동을 자극하면, 근로자이거나 투자자인 구매자의 소득 수준을 향상할 수 있다.\n④ 광고가 생산 활동을 증가시키면, 근로자의 노동, 기계나 설비 같은 생산 요소 이용이 증가한다.\n⑤ 광고의 소비 촉진 효과는 경제 전반에 광고가 없는 상황에 비해 환경 오염을 심화할 수 있다.',2,'2024-04-26 04:52:43'),(41,25,1,'1. 위 발표자의 말하기 방식으로 가장 적절한 것은?\n\n① 발표 내용이 청중과 관련성이 높음을 제시하여 청중의 흥미를 유발하고 있다.\n② 발표 내용의 순서를 안내하여 청중이 발표 내용을 예측하도록 돕고 있다.\n③ 청중의 요청에 따라 발표 내용과 관련된 정보를 추가하여 설명하고 있다.\n④ 발표 내용과 관련된 질문을 하여 청중의 반응을 이끌어 내고 있다.\n⑤ 청중에게 기대하는 바를 언급하여 발표 목적을 부각하고 있다.',4,'2024-04-26 04:55:45'),(42,25,2,'2. 학생의 발표를 바탕으로 할 때, [A]에 들어갈 청중의 질문으로n가장 적절한 것은?\n\n[발표 후 질의응답]\n- 청 중 : [A]\n- 발표자 : 네, 그것은 고구려 이후에도 사람들이 사후 세계에 대해 관심을 가지고 있었음을 의미한다고 생각합니다.\n\n① 고구려 고분 벽화가 역사 자료로서의 가치가 있다고 하셨는데요, 문화재가 시대를 초월하여 가치를 지닌다는 것은 어떤 의미인가요?\n② 고구려 돌방무덤은 3세기에 출현했다고 하셨는데요, 이전 시기에서 볼 수 없었던 무덤 형태가 나타나게 된 것은 어떤 의미인가요?\n③ 고구려 고분 벽화에 주대종소법이 활용되었다고 하셨는데요, 당시에 인물의 크기를 다르게 그렸다는 것은 어떤 의미인가요?\n④ 고구려에 도교가 확산된 시기가 있었다고 하셨는데요, 이 시기에 사신이 상징성을 지니게 되었다는 것은 어떤 의미인가요?\n⑤ 고구려 고분 벽화의 전통이 후대까지 이어졌다고 하셨는데요, 무덤 내부에 벽화를 계속 그렸다는 것은 어떤 의미인가요?',5,'2024-04-26 04:55:54'),(43,26,1,'1. ㉠과 ㉡을 모두 충족하는 단어만을 <보기>에서 있는 대로 고른 것은?\n\n<보 기>\n새해맞이, 두말없이, 숨은그림찾기, 한몫하다\n\n① 새해맞이\n② 새해맞이, 한몫하다\n③ 두말없이, 숨은그림찾기\n④ 두말없이, 숨은그림찾기, 한몫하다\n⑤ 새해맞이, 숨은그림찾기, 한몫하다',2,'2024-04-26 04:56:01'),(44,26,2,'2. 윗글과 <보기>를 바탕으로 추론한 내용으로 적절하지 않은 것은?\n\n<보 기>\n◦ ‘립스틱’을 여성들이 입술에 바르던 염료인 ‘연지’라는 단어를 사용해 ‘입술연지’라고도 했다.\n◦ ‘변사’는 무성 영화를 상영할 때 장면에 맞추어 그 내용을 설명하던 직업을 가진 사람을 뜻한다.\n◦ ‘수세미’는 박과의 한해살이 덩굴풀을 뜻하는데, 그 열매 속 섬유로 그릇을 닦았다. 오늘날 공장에서 만든 설거지 도구도 ‘수세미’라고 한다.\n◦ ‘혁대’의 순화어로 ‘가죽으로 만든 띠’라는 뜻의 ‘가죽띠’와 ‘허리에 매는 띠’라는 뜻의 ‘허리띠’가 제시되어 있다.\n◦ ‘양반’은 조선시대 사대부를 이르는 말이었지만 지금은 ‘점잖은 사람’의 뜻으로 주로 쓰인다.\n\n① ‘입술연지’는 ‘소졋메쥬’처럼 일상의 단어로 새로운 대상을 인식한 예로 볼 수 있겠군.\n② ‘변사’는 무성 영화와 관련해 쓰인 단어라는 점에서 시대상이 반영된 예에 해당하겠군.\n③ ‘수세미’는 기존의 의미에 새로운 의미가 더해졌다는 점에서 ‘총각’과 유사하겠군.\n④ ‘가죽띠’는 ‘재료’에, ‘허리띠’는 ‘착용하는 위치’에 초점을 둔 단어라는 점에서 서로 다른 인식이 반영된 것이겠군.\n⑤ ‘양반’은 신분의 구분이 있었던 사회의 모습을 엿볼 수 있다는 점에서 시대의 흔적을 담고 있겠군.',3,'2024-04-26 04:56:08'),(45,27,1,'1. (가), (나)에 대한 설명으로 가장 적절한 것은?\n\n① (가)와 (나)는 모두 18세기 중국의 현실을 제시하면서 그러한 현실이 다른 나라에 미친 영향을 예를 들어 설명하고 있다.\n② (나)는 18세기 중국의 사상적 변화를 제시하면서 그러한 변화가 지니는 긍정적 측면과 부정적 측면을 분석하고 있다.\n③ (나)는 18세기 중국의 사회상을 제시하면서 다양한 사회상을 시대별 기준에 따라 분류하여 서술하고 있다.\n④ (가)는 18세기 중국을 바라보는 사상적 관점을 제시하면서 각 관점이 지닌 역사적 의의와 한계를 서로 비교하고 있다.\n⑤ (가)는 18세기 중국에 대한 학자들의 견해를 제시하면서 그러한 견해의 형성 배경 및 견해 간의 차이를 설명하고 있다.',5,'2024-04-26 04:56:11'),(46,27,2,'2. 평등견 에 대한 이해로 가장 적절한 것은?\n\n① 청에 대한 배타적 태도를 지양하고 청과 구분되는 조선의 독자성을 유지하자는 인식 태도이다.\n② 중국인의 외양이 변화된 모습을 명에 대한 의리 문제와 관련지어 파악하려는 인식 태도이다.\n③ 청과 조선의 가치를 평등하게 인정하고 풍토로 인한 차이를 해소하려는 인식 태도이다.\n④ 조선의 고유한 삶의 방식을 청의 방식에 따라 개혁해야 한다는 인식 태도이다.\n⑤ 조선의 풍토를 기준으로 삼아 청의 제도를 개선하자는 인식 태도이다.',1,'2024-04-26 04:56:15'),(47,28,1,'1. 윗글에 대한 이해로 적절하지 않은 것은?\n\n① 자연 영상은 모델링과 렌더링 단계를 거치지 않고 생성된다.\n② 렌더링에서 사용되는 물체 고유의 표면 특성은 화솟값에 의해 결정된다.\n③ 물체의 원근감과 입체감은 관찰 시점을 기준으로 구현한다.\n④ 3D 영상을 재현하는 화면의 해상도가 높을수록 연산 양이 많아진다.\n⑤ 병목 현상은 연산할 데이터의 양이 처리 능력을 초과할 때 발생한다.',2,'2024-04-26 04:56:18'),(48,28,2,'2. 모델링 에 대한 설명으로 가장 적절한 것은?\n\n① 다양하게 변할 수 있는 관찰 시점을 순차적으로 저장한다.\n② 공간상에 위치한 정점들을 2차원 평면에 존재하도록 배치한다.\n③ 하나의 작은 삼각형에 다양한 색상의 표면 특성들을 함께 부여한다.\n④ 삼각형들을 조합함으로써 물체의 복잡한 곡면을 정교하게 표현할 수 있다.\n⑤ 다른 물체에 가려져 보이지 않는 부분에 있는 삼각형의 정점들의 위치는 계산하지 않는다.',4,'2024-04-26 04:56:21'),(49,29,1,'1. 윗글의 내용과 일치하는 것은?\n\n① 행정입법에 속하는 법령들은 제정 주체가 동일하다.\n② 행정입법에 속하는 법령들은 모두 개별적 상황과 지역의 특수성을 반영한다.\n③ 행정입법에 속하는 법령들은 모두 정당성을 확보하기 위하여 국회의 위임에 근거한다.\n④ 행정 규제 사항에 적용되는 행정입법은 모두 포괄적 위임이 금지되어 있다.\n⑤ 행정부가 국회보다 신속히 대응할 수 있는 행정 규제 사항은 행정입법의 대상으로 적합하다.',5,'2024-04-26 04:56:23'),(50,29,2,'2. 행정규칙 에 관한 설명 중 적절하지 않은 것은?\n\n① 행정부의 직제나 사무 처리 절차를 규정하는 경우, 법률의 위임이 요구되지 않는다.\n② 행정부의 직제나 사무 처리 절차를 규정하는 경우, 일반 국민에게 직접 적용되지 않는다.\n③ 행정 규제 사항을 규정하는 경우, 위임명령의 제정 절차를 따르지 않는다.\n④ 행정 규제 사항을 규정하는 경우, 위임 근거 법률의 위임을 받은 제정 주체에 의해 제정된다.\n⑤ 행정 규제 사항을 규정하는 경우, 위임 근거 법률로부터 위임받을 수 있는 사항의 범위가 위임명령과 같다.',5,'2024-04-26 04:56:26'),(51,30,1,'1. 윗글에서 답을 찾을 수 있는 질문에 해당하지 않는 것은?\n\n① 병원성 세균은 어떤 작용기제로 사람을 감염시킬까?\n② 알코올 화합물은 병원성 세균의 살균에 효과가 있을까?\n③ 바이러스와 세균의 표면 구조는 어떤 차이가 있을까?\n④ 병원성 바이러스 감염 예방을 위한 방역에 사용되는 물질에는 무엇이 있을까?\n⑤ 항미생물 화학제가 병원체에 대해 광범위한 살균 효과를 나타내는 이유는 무엇일까?',1,'2024-04-26 04:56:29'),(52,30,2,'2. 윗글을 읽고 이해한 내용으로 적절하지 않은 것은?\n\n① 고농도 에탄올은 지질 피막이 있는 바이러스에 방역 효과가 있다.\n② 하이포염소산 소듐은 병원체의 내부가 아니라 표면의 단백질을 손상시킨다.\n③ 진균의 포자는 바이러스에 비해서 화학 물질에 대한 저항성이 더 강하다.\n④ 알킬화제는 병원체 내 핵산의 염기에 알킬 작용기를 결합시켜 유전자의 발현을 방해한다.\n⑤ 산화제가 다양한 바이러스를 사멸시키는 것은 그 산화제가 바이러스의 공통적인 구조를 구성하는 성분들에 작용하기 때문이다.',2,'2024-04-26 04:56:32'),(53,5,1,'1. 위 발표자의 말하기 방식으로 적절하지 않은 것은?\n\n① 발표 대상의 종류를 열거하여 장점을 소개하고 있다.\n② 청중의 대답을 예상하고 질문하여 화제를 제시하고 있다.\n③ 청중의 경험을 이끌어 내며 관련된 내용을 설명하고 있다.\n④ 내용의 신뢰성을 높이기 위해 전문가의 견해를 인용하고 있다.\n⑤ 발표 대상의 특징을 부각하기 위해 다른 대상과 비교하고 있다.',4,'2024-04-26 04:59:45'),(54,5,2,'2. 위 발표의 흐름을 고려할 때,(㉠ 청중의 질문을 듣고)으로 가장 적절한 것은?\n\n① 만년필로 종이에 글씨를 수월하게 쓸 수 있는 것이 모세관 현상과 어떤 관련이 있나요?\n② 만년필 외에 모세관 현상이 적용되어 손쉽게 필기할 수 있는 필기구에는 무엇이 있나요?\n③ 만년필 펜촉의 굵기와 필기할 때 힘을 들이는 정도는 어떤 연관성이 있나요?\n④ 만년필로 힘들이지 않고 글씨를 쓰려면 어떤 형태의 펜촉을 사용해야 하나요?\n⑤ 종이의 섬유소가 가는 대롱과 같은 역할을 한다는 것이 무슨 의미인가요?',1,'2024-04-26 04:59:48'),(55,6,1,'1. [A], [B]에 대한 설명으로 가장 적절한 것은?\n\n① [A]의 반대 2는 상대측이 제시한 근거의 적절성에 의문을 제기하며 적합한 사례를 요구하고 있다.\n② [A]의 찬성 1은 상대측의 이의 제기에 대해 반박하며 자료를 통해 자신의 주장이 타당함을 강조하고 있다.\n③ [B]의 찬성 1은 상대측의 진술 내용에 이의를 제기하며 사실관계를 확인할 수 있는 자료를 추가로 요청하고 있다.\n④ [B]의 반대1은 상대측이 제시한 근거 자료의 출처를 확인하고 새로운 정보를 통해 향후 전망을 제시하고 있다.\n⑤ [A]의 찬성 1과 [B]의 반대 1은 모두 상대측이 언급한 의견에 이의를 제기하고 실현 가능한 방안을 추가하고 있다.',2,'2024-04-26 04:59:51'),(56,6,2,'2.<보기>를 바탕으로 (나)의 끝 부분에 새로운 문단을 이어 쓴다고 할 때, 그 내용으로 가장 적절한 것은?\n\n<보 기>\n◦ 친구의 조언: 1문단에서 제기한 첫째 물음에 대해 너의 입장을 드러내야 할 것 같아. 둘째 물음에 대해서는 2문단에 썼던 두 단어를 활용하여 인간과 인공 지능의 관계를 드러내는 게 좋겠어.\n\n① 인공 지능은 인간의 고유한 영역을 대신할 수 없다. 인공 지능과 인간의 의사소통을 통한 사회적 관계 형성은 불가능하다.\n② 인공 지능은 인간을 대신하기보다는 보조하는 도구이어야 한다. 그러므로 인간은 인공 지능과 공존할 수 있는 길을 모색해야 한다.\n③ 인공 지능은 인간보다 우위에 있을 수 없다. 그러나 인공 지능이 지속적으로 발전하고 있으므로 인간이 객체가 되는 날이 머지 않았다.\n④ 인공 지능은 인간을 대체할 수 없다. 인간의 삶을 결정하는 주체는 인간이고 인공 지능은 인간이 이용하는 객체일 뿐임을 명심해야 한다.\n⑤ 객체인 인공 지능을 이용하는 인간의 태도가 무엇보다 중요하다. 인간은 인공 지능과의 소통을 통해 자신의 삶을 주체적으로 이끌어 가야 한다.',4,'2024-04-26 04:59:54'),(57,7,1,'1.윗글에서 답을 찾을 수 있는 질문에 해당하지 않는 것은?\n\n① 믿음의 정도와 관련하여 상식적으로 당연하게 여겨지는 생각을 어떻게 정당화할 수 있을까?\n② 특별한 이유 없이 믿음의 정도를 바꾸어야 하는 이유는 무엇일까?\n③ 믿음의 정도를 어떤 경우에 바꾸고 어떤 경우에 바꾸지 말아야할까?\n④ 믿음의 정도를 바꾸어야 한다면 어떤 방식으로 바꾸어야 할까?\n⑤ 임의의 명제에 대해 어떤 믿음의 태도를 가질 수 있을까?',2,'2024-04-26 04:59:58'),(58,7,2,'2.㉠, ㉡에 대한 이해로 적절하지 않은 것은?\n\n① 만약 을이 ㉠이라면 을은 동시에 ㉡일 수 없다.\n② ㉠은 을이 ‘내일 눈이 온다.’가 거짓이라 믿는 것은 그 명제가 거짓임을 강한 정도로 믿는다는 의미라고 주장한다.\n③ ㉠은 을이 ‘내일 눈이 온다.’가 참이라고 믿는다면 을은 ‘내일 눈이 온다.’가 거짓이라고 믿을 수는 없다고 주장한다.\n④ ㉡은 을의 ‘내일 눈이 온다.’가 참이라는 것에 대한 믿음의 정도와 ‘내일 눈이 온다.’가 거짓이라는 것에 대한 믿음의 정도가 같을 수 있다고 본다.\n⑤ ㉡은 을이 ‘내일 눈이 온다.’와 ‘내일 비가 온다.’가 모두 거짓이라고 믿더라도 후자를 전자보다 더 강하게 거짓이라고 믿을 수 있다고 주장한다.',2,'2024-04-26 05:00:01'),(59,8,1,'1. 위 발표에 반영된 학생의 발표 계획으로 적절하지 않은 것은?\n\n① 청중과 공유하고 있는 경험을 언급하여 발표 내용과 관련된 청중의 지식을 환기해야겠어. \n② 발표 내용의 순서를 안내하여 청중이 발표 내용을 예측할 수 있도록 해야겠어. \n③ 청중에게 질문을 던지는 방식으로 청중과 상호작용해야겠어. \n④ 발표 내용 선정의 이유를 밝혀 청중의 관심을 유도해야겠어. \n⑤ 정보의 출처를 밝혀 발표 내용의 신뢰성을 높여야겠어.',2,'2024-04-26 05:00:04'),(60,8,2,'2. 다음은 학생이 위 발표를 들으며 떠올린 생각들이다. 이를 바탕으로 학생의 듣기 활동을 이해한 내용으로 적절하지 않은 것은? \n\n◦ 컴퓨터 화면의 경우도 가까이에서 오랫동안 보는 것이 습관화되면 조절 긴장증을 유발할 수 있겠네. \n◦ 눈 초점 운동을 꾸준히 하면 효과가 있다고 했으니 나도 하루에 10회 이상 눈 초점 운동을 해 봐야지. \n◦ 휴대폰 사용으로 안구 질환 환자가 급증했다고 하는데, 얼마나 증가했는지 구체적으로 알고 싶어. 관련 자료를 인터넷 검색으로 찾아봐야겠어. \n◦ 수정체를 모양체라고도 하고 걸이 인대를 친대라고도 하는 것으로 알고 있어. 그런데 같은 대상에 서로 다른 이름을 붙인 이유는 무엇일까?\n\n① 발표 내용과 관련된 자신의 배경지식을 떠올리며 들었다. \n② 발표자가 제시한 정보의 정확성에 의문을 제기하며 들었다. \n③ 발표 내용을 통해 알게 된 사실을 유사한 경우에 적용하며 들었다. \n④ 발표자가 제시한 방법이 효과가 있을 것이라고 여기고 실천을 다짐하며 들었다. \n⑤ 발표 내용과 관련하여 생긴 궁금증을 해결하는 데 필요한 정보를 어떻게 수집할지를 생각하며 들었다.',2,'2024-04-26 05:00:08'),(61,9,1,'1. (가)와 (나)에 대한 설명으로 가장 적절한 것은?\n\n① (가)는 (나)와 달리, 권리의 기본 범주와 그 의미들을 분석하고 있다. \n② (나)는 (가)와 달리, 특정 기준에 따라 권리의 종류를 분류하고 있다. \n③ (가)와 (나) 모두 정치적으로 올바른 권리 개념이 무엇인지 논하고 있다. \n④ (가)와 (나) 모두 권리론과 관련된 논쟁을 소개하며 각각의 장단점을 제시하고 있다. \n⑤ (가)는 권리론이 발전되어 온 과정을, (나)는 권리 간의 충돌을 해소할 수 있는 방법을 소개하고 있다.',1,'2024-04-26 05:00:11'),(62,9,2,'2. (나)의 ‘하트’와 ‘라즈’의 입장에서 ㉠을 설명한 내용으로 적절하지 않은 것은?\n\n① 하트 : X가 권능을 행사할 수 없다고 판단되면 X는 권리자의 지위를 가지고 있지 않다고 볼 수 있다. \n② 하트 : X가 Y에 대하여 의무 이행 요청을 포기한다면 X는 자신의 권능을 부정하는 것이다. \n③ 하트 : X가 권리자라면 X는 Y의 의무 이행을 면제할 수 있다. \n④ 라즈 : X의 이익이 곧 권리이므로 Y의 의무 이행에 따른 이익이 없다면 X에게 권리가 있다고 보기 어렵다. \n⑤ 라즈 : X의 이익이 Y에게 의무를 부과할 만큼 중요한 것일때 X의 권리가 인정될 수 있다.',2,'2024-04-26 05:00:14');

INSERT INTO member(`challenge_score`, `email`, `name`, `profile`, `member_type`, `is_deleted`, `created_at`)
VALUES (1000, 'ourway705@gmail.com', '주희', 'https://d2gfz7wkiigkmv.cloudfront.net/pickin/2/6/4/isHFieOQTKCnVeVDLzHgHQ', 'google', false, now()),
       (1000, 'a705tizzle@gmail.com', '주희2', 'https://d2gfz7wkiigkmv.cloudfront.net/pickin/2/6/4/isHFieOQTKCnVeVDLzHgHQ', 'google', false, now());